final_position,qualifying_position,grid_position_gain,avg_race_pace,best_race_pace,pace_consistency,clean_laps_count,team_avg_position,team_best_position,team_driver_count,driver_races_count,driver_avg_position,driver_best_position,driver_worst_position,driver_podiums,driver_wins,driver_top5,driver_top10,driver_recent_form,circuit_driver_races,circuit_driver_avg_position,circuit_driver_best_position,air_temperature,track_temperature,humidity,wind_speed,rainfall,pit_stop_count,avg_pit_duration
1,,0.0,98.88780357142858,96.236,5.03681679930938,56.0,1.5,1,2,0,10.0,10,10,0,0,0,0,10.0,0,10.0,10,27.43167701863354,31.01180124223602,21.496894409937887,0.6832298136645962,0,0.0,24.2
20,,0.0,102.86425,100.691,6.055850216188399,12.0,18.5,17,2,0,10.0,10,10,0,0,0,0,10.0,0,10.0,10,27.43167701863354,31.01180124223602,21.496894409937887,0.6832298136645962,0,0.0,24.2
8,,0.0,100.093375,97.379,4.730707713968387,56.0,12.0,8,2,0,10.0,10,10,0,0,0,0,10.0,0,10.0,10,27.43167701863354,31.01180124223602,21.496894409937887,0.6832298136645962,0,0.0,24.2
7,,0.0,99.82048214285714,97.035,5.559197983329714,56.0,6.0,5,2,0,10.0,10,10,0,0,0,0,10.0,0,10.0,10,27.43167701863354,31.01180124223602,21.496894409937887,0.6832298136645962,0,0.0,24.2
4,,0.0,99.69873214285715,97.13,5.374429368411029,56.0,11.5,4,2,0,10.0,10,10,0,0,0,0,10.0,0,10.0,10,27.43167701863354,31.01180124223602,21.496894409937887,0.6832298136645962,0,0.0,24.2
5,,0.0,99.73973214285716,96.546,5.459295840344486,56.0,6.0,5,2,0,10.0,10,10,0,0,0,0,10.0,0,10.0,10,27.43167701863354,31.01180124223602,21.496894409937887,0.6832298136645962,0,0.0,24.2
15,,0.0,100.96923636363638,96.616,7.065939587762725,55.0,14.0,13,2,0,10.0,10,10,0,0,0,0,10.0,0,10.0,10,27.43167701863354,31.01180124223602,21.496894409937887,0.6832298136645962,0,0.0,24.2
16,,0.0,101.23487272727272,93.996,6.1372408417927,55.0,12.0,8,2,0,10.0,10,10,0,0,0,0,10.0,0,10.0,10,27.43167701863354,31.01180124223602,21.496894409937887,0.6832298136645962,0,0.0,24.2
10,,0.0,100.35816071428572,97.144,5.817907239414235,56.0,11.0,10,2,0,10.0,10,10,0,0,0,0,10.0,0,10.0,10,27.43167701863354,31.01180124223602,21.496894409937887,0.6832298136645962,0,0.0,24.2
11,,0.0,100.3538392857143,96.637,6.085001336450996,56.0,12.5,11,2,0,10.0,10,10,0,0,0,0,10.0,0,10.0,10,27.43167701863354,31.01180124223602,21.496894409937887,0.6832298136645962,0,0.0,24.2
18,,0.0,102.839975,96.797,9.814786371194202,40.0,13.5,9,2,0,10.0,10,10,0,0,0,0,10.0,0,10.0,10,27.43167701863354,31.01180124223602,21.496894409937887,0.6832298136645962,0,0.0,24.2
13,,0.0,100.8029636363636,96.471,5.850364692537572,55.0,14.0,13,2,0,10.0,10,10,0,0,0,0,10.0,0,10.0,10,27.43167701863354,31.01180124223602,21.496894409937887,0.6832298136645962,0,0.0,24.2
14,,0.0,100.89636363636362,97.709,4.913652422035885,55.0,12.5,11,2,0,10.0,10,10,0,0,0,0,10.0,0,10.0,10,27.43167701863354,31.01180124223602,21.496894409937887,0.6832298136645962,0,0.0,24.2
17,,0.0,102.55570370370368,95.257,9.979922292641152,54.0,18.5,17,2,0,10.0,10,10,0,0,0,0,10.0,0,10.0,10,27.43167701863354,31.01180124223602,21.496894409937887,0.6832298136645962,0,0.0,24.2
9,,0.0,100.015,95.068,6.055572195769928,56.0,13.5,9,2,0,10.0,10,10,0,0,0,0,10.0,0,10.0,10,27.43167701863354,31.01180124223602,21.496894409937887,0.6832298136645962,0,0.0,24.2
2,,0.0,99.06535714285714,96.344,5.252921917383683,56.0,1.5,1,2,0,10.0,10,10,0,0,0,0,10.0,0,10.0,10,27.43167701863354,31.01180124223602,21.496894409937887,0.6832298136645962,0,0.0,24.2
12,,0.0,100.56394545454545,96.037,5.744799369278791,55.0,11.0,10,2,0,10.0,10,10,0,0,0,0,10.0,0,10.0,10,27.43167701863354,31.01180124223602,21.496894409937887,0.6832298136645962,0,0.0,24.2
19,,0.0,99.62863157894736,97.17,4.756455234850631,38.0,11.5,4,2,0,10.0,10,10,0,0,0,0,10.0,0,10.0,10,27.43167701863354,31.01180124223602,21.496894409937887,0.6832298136645962,0,0.0,24.2
6,,0.0,99.76014285714284,96.546,5.407137217448036,56.0,4.5,3,2,0,10.0,10,10,0,0,0,0,10.0,0,10.0,10,27.43167701863354,31.01180124223602,21.496894409937887,0.6832298136645962,0,0.0,24.2
3,,0.0,99.49580357142858,96.156,5.470139188588573,56.0,4.5,3,2,0,10.0,10,10,0,0,0,0,10.0,0,10.0,10,27.43167701863354,31.01180124223602,21.496894409937887,0.6832298136645962,0,0.0,24.2
19,,0.0,98.65926086956522,95.567,7.225952011625061,23.0,17.5,16,2,1,10.0,10,10,0,0,0,1,10.0,0,10.0,10,26.09189189189189,31.79256756756757,57.79054054054054,1.7722972972972975,0,0.0,24.2
15,,0.0,98.10327083333334,94.287,8.66152977677874,48.0,16.0,15,2,1,20.0,20,20,0,0,0,0,20.0,0,20.0,20,26.09189189189189,31.79256756756757,57.79054054054054,1.7722972972972975,0,0.0,24.2
18,,0.0,98.88757446808512,94.384,7.073838905323217,47.0,15.5,13,2,1,8.0,8,8,0,0,0,1,8.0,0,8.0,8,26.09189189189189,31.79256756756757,57.79054054054054,1.7722972972972975,0,0.0,24.2
4,,0.0,95.08606382978724,92.433,5.632928087918689,47.0,4.5,4,2,1,7.0,7,7,0,0,0,1,7.0,0,7.0,7,26.09189189189189,31.79256756756757,57.79054054054054,1.7722972972972975,0,0.0,24.2
6,,0.0,95.96887234042552,92.822,6.343036187056263,47.0,6.5,6,2,1,4.0,4,4,0,0,1,1,4.0,0,4.0,4,26.09189189189189,31.79256756756757,57.79054054054054,1.7722972972972975,0,0.0,24.2
5,,0.0,95.5288510638298,92.941,6.278489384843829,47.0,4.5,4,2,1,5.0,5,5,0,0,1,1,5.0,0,5.0,5,26.09189189189189,31.79256756756757,57.79054054054054,1.7722972972972975,0,0.0,24.2
12,,0.0,97.78964583333334,93.78,8.057334656417975,48.0,11.0,10,2,1,15.0,15,15,0,0,0,0,15.0,0,15.0,15,26.09189189189189,31.79256756756757,57.79054054054054,1.7722972972972975,0,0.0,24.2
13,,0.0,98.90591836734691,93.894,10.786965870972734,49.0,15.5,13,2,1,16.0,16,16,0,0,0,0,16.0,0,16.0,16,26.09189189189189,31.79256756756757,57.79054054054054,1.7722972972972975,0,0.0,24.2
11,,0.0,96.49168085106383,93.931,5.880475432222568,47.0,12.5,11,2,1,11.0,11,11,0,0,0,0,11.0,0,11.0,11,26.09189189189189,31.79256756756757,57.79054054054054,1.7722972972972975,0,0.0,24.2
8,,0.0,97.4074375,93.222,9.013659050872311,48.0,8.5,8,2,1,18.0,18,18,0,0,0,0,18.0,0,18.0,18,26.09189189189189,31.79256756756757,57.79054054054054,1.7722972972972975,0,0.0,24.2
10,,0.0,97.62397916666669,93.374,8.31152320446019,48.0,11.0,10,2,1,13.0,13,13,0,0,0,0,13.0,0,13.0,13,26.09189189189189,31.79256756756757,57.79054054054054,1.7722972972972975,0,0.0,24.2
16,,0.0,98.10422916666668,94.469,8.9438781969392,48.0,17.5,16,2,1,12.0,12,12,0,0,0,0,12.0,0,12.0,12,26.09189189189189,31.79256756756757,57.79054054054054,1.7722972972972975,0,0.0,24.2
17,,0.0,99.08195918367348,94.122,10.113447477161255,49.0,16.0,15,2,1,17.0,17,17,0,0,0,0,17.0,0,17.0,17,26.09189189189189,31.79256756756757,57.79054054054054,1.7722972972972975,0,0.0,24.2
9,,0.0,97.43410416666666,93.392,8.399291617140666,48.0,8.5,8,2,1,9.0,9,9,0,0,0,1,9.0,0,9.0,9,26.09189189189189,31.79256756756757,57.79054054054054,1.7722972972972975,0,0.0,24.2
1,,0.0,94.18093617021276,92.188,5.034742890565323,47.0,1.5,1,2,1,2.0,2,2,1,0,1,1,2.0,0,2.0,2,26.09189189189189,31.79256756756757,57.79054054054054,1.7722972972972975,0,0.0,24.2
2,,0.0,94.70759574468086,91.906,6.089748008849453,47.0,1.5,1,2,1,1.0,1,1,1,1,1,1,1.0,0,1.0,1,26.09189189189189,31.79256756756757,57.79054054054054,1.7722972972972975,0,0.0,24.2
3,,0.0,94.79299999999998,92.24,5.278002347726711,47.0,11.5,3,2,1,3.0,3,3,1,0,1,1,3.0,0,3.0,3,26.09189189189189,31.79256756756757,57.79054054054054,1.7722972972972975,0,0.0,24.2
7,,0.0,96.12202127659572,93.056,6.829409702956896,47.0,6.5,6,2,1,19.0,19,19,0,0,0,0,19.0,0,19.0,19,26.09189189189189,31.79256756756757,57.79054054054054,1.7722972972972975,0,0.0,24.2
20,,0.0,97.20606666666664,95.14,4.804059198318896,15.0,11.5,3,2,1,6.0,6,6,0,0,0,1,6.0,0,6.0,6,26.09189189189189,31.79256756756757,57.79054054054054,1.7722972972972975,0,0.0,24.2
14,,0.0,96.81051063829788,93.609,5.177301088372878,47.0,12.5,11,2,1,14.0,14,14,0,0,0,0,14.0,0,14.0,14,26.09189189189189,31.79256756756757,57.79054054054054,1.7722972972972975,0,0.0,24.2
10,,0.0,86.43073999999999,81.789,9.147335628164395,50.0,12.5,10,2,2,11.0,11,11,0,0,0,0,11.0,0,11.0,11,17.449549549549552,30.13963963963964,54.15765765765766,1.127027027027027,0,0.0,24.2
11,,0.0,86.87902,82.233,9.111467353073404,50.0,10.0,9,2,2,13.0,8,18,0,0,0,1,13.0,0,13.0,8,17.449549549549552,30.13963963963964,54.15765765765766,1.127027027027027,0,0.0,24.2
18,,0.0,86.74941666666666,82.68,7.430404191359291,12.0,10.0,2,2,2,5.5,4,7,0,0,1,2,5.5,0,5.5,4,17.449549549549552,30.13963963963964,54.15765765765766,1.127027027027027,0,0.0,24.2
12,,0.0,83.91108163265307,80.467,5.949316318692758,49.0,16.0,12,2,2,5.0,4,6,0,0,1,2,5.0,0,5.0,4,17.449549549549552,30.13963963963964,54.15765765765766,1.127027027027027,0,0.0,24.2
2,,0.0,84.25699999999999,80.613,7.419520786973599,49.0,10.0,2,2,2,5.0,5,5,0,0,2,2,5.0,0,5.0,5,17.449549549549552,30.13963963963964,54.15765765765766,1.127027027027027,0,0.0,24.2
14,,0.0,85.24732,81.203,8.137672495905216,50.0,13.5,13,2,2,13.0,8,18,0,0,0,1,13.0,0,13.0,8,17.449549549549552,30.13963963963964,54.15765765765766,1.127027027027027,0,0.0,24.2
7,,0.0,84.31834693877552,81.124,5.575803240158245,49.0,12.0,7,2,2,13.5,12,15,0,0,0,0,13.5,0,13.5,12,17.449549549549552,30.13963963963964,54.15765765765766,1.127027027027027,0,0.0,24.2
9,,0.0,86.15566000000001,81.819,8.821399603445785,50.0,10.0,9,2,2,14.5,13,16,0,0,0,0,14.5,0,14.5,13,17.449549549549552,30.13963963963964,54.15765765765766,1.127027027027027,0,0.0,24.2
19,,0.0,83.77166666666666,83.349,0.5023159696180595,3.0,17.5,16,2,2,14.5,10,19,0,0,0,1,14.5,0,14.5,10,17.449549549549552,30.13963963963964,54.15765765765766,1.127027027027027,0,0.0,24.2
8,,0.0,85.84917999999999,81.335,9.207175437579505,50.0,7.0,6,2,2,17.5,15,20,0,0,0,0,17.5,0,17.5,15,17.449549549549552,30.13963963963964,54.15765765765766,1.127027027027027,0,0.0,24.2
15,,0.0,86.94967346938773,81.183,8.243471908091262,49.0,12.5,10,2,2,14.0,14,14,0,0,0,0,14.0,0,14.0,14,17.449549549549552,30.13963963963964,54.15765765765766,1.127027027027027,0,0.0,24.2
4,,0.0,83.90520408163265,80.934,5.22903599297388,49.0,3.5,3,2,2,13.0,6,20,0,0,0,1,13.0,0,13.0,6,17.449549549549552,30.13963963963964,54.15765765765766,1.127027027027027,0,0.0,24.2
20,,0.0,92.27560714285713,89.708,5.673100919135008,0.0,16.0,12,2,2,13.0,7,19,0,0,0,1,13.0,0,13.0,7,17.449549549549552,30.13963963963964,54.15765765765766,1.127027027027027,0,0.0,24.2
3,,0.0,83.56042857142856,80.476,4.7953318446172215,49.0,3.5,3,2,2,3.0,3,3,2,0,2,2,3.0,0,3.0,3,17.449549549549552,30.13963963963964,54.15765765765766,1.127027027027027,0,0.0,24.2
5,,0.0,84.55786,80.235,6.877353795239704,50.0,3.0,1,2,2,1.5,1,2,2,1,2,2,1.5,0,1.5,1,17.449549549549552,30.13963963963964,54.15765765765766,1.127027027027027,0,0.0,24.2
13,,0.0,83.85312244897959,80.995,5.03106186038566,49.0,13.5,13,2,2,9.0,9,9,0,0,0,2,9.0,0,9.0,9,17.449549549549552,30.13963963963964,54.15765765765766,1.127027027027027,0,0.0,24.2
6,,0.0,84.32716326530614,81.173,5.850374636675482,49.0,7.0,6,2,2,17.0,17,17,0,0,0,0,17.0,0,17.0,17,17.449549549549552,30.13963963963964,54.15765765765766,1.127027027027027,0,0.0,24.2
16,,0.0,86.41742857142854,81.456,6.8798637795380815,49.0,17.5,16,2,2,14.0,12,16,0,0,0,0,14.0,0,14.0,12,17.449549549549552,30.13963963963964,54.15765765765766,1.127027027027027,0,0.0,24.2
1,,0.0,83.26683673469387,80.342,4.683976873105706,49.0,3.0,1,2,2,1.5,1,2,2,1,2,2,1.5,0,1.5,1,17.449549549549552,30.13963963963964,54.15765765765766,1.127027027027027,0,0.0,24.2
17,,0.0,85.75047916666666,81.685,8.672440060058152,48.0,12.0,7,2,2,11.5,10,13,0,0,0,1,11.5,0,11.5,10,17.449549549549552,30.13963963963964,54.15765765765766,1.127027027027027,0,0.0,24.2
19,,0.0,112.62614285714284,107.553,12.612389763158095,35.0,18.5,18,2,3,12.666666666666666,9,16,0,0,0,1,12.666666666666666,0,12.666666666666666,9,24.860625,41.21,49.225,1.0831250000000001,0,0.0,24.2
17,,0.0,111.21938775510203,106.731,10.570712304161292,49.0,15.0,13,2,3,11.333333333333334,7,15,0,0,0,1,11.333333333333334,0,11.333333333333334,7,24.860625,41.21,49.225,1.0831250000000001,0,0.0,24.2
6,,0.0,109.9035,105.346,10.887321655326003,50.0,7.0,6,2,3,4.0,2,5,1,0,3,3,4.0,0,4.0,2,24.860625,41.21,49.225,1.0831250000000001,0,0.0,24.2
12,,0.0,110.65748,105.925,9.349795200725534,50.0,14.0,12,2,3,16.0,10,19,0,0,0,1,16.0,0,16.0,10,24.860625,41.21,49.225,1.0831250000000001,0,0.0,24.2
8,,0.0,109.3665306122449,103.37,10.048689464929495,49.0,7.0,6,2,3,9.666666666666666,4,18,0,0,1,2,9.666666666666666,0,9.666666666666666,4,24.860625,41.21,49.225,1.0831250000000001,0,0.0,24.2
18,,0.0,111.41785714285714,106.304,9.163985648086392,49.0,18.5,18,2,3,12.333333333333334,8,18,0,0,0,1,12.333333333333334,0,12.333333333333334,8,24.860625,41.21,49.225,1.0831250000000001,0,0.0,24.2
11,,0.0,110.62842,105.631,9.46552125431655,50.0,10.0,9,2,3,14.333333333333334,8,20,0,0,0,1,14.333333333333334,0,14.333333333333334,8,24.860625,41.21,49.225,1.0831250000000001,0,0.0,24.2
5,,0.0,107.625,105.175,6.310348528662383,48.0,4.0,3,2,3,7.333333333333333,4,12,0,0,1,2,7.333333333333333,0,7.333333333333333,4,24.860625,41.21,49.225,1.0831250000000001,0,0.0,24.2
10,,0.0,110.58256,105.727,9.683968081445178,50.0,15.0,10,2,3,10.666666666666666,10,11,0,0,0,1,10.666666666666666,0,10.666666666666666,10,24.860625,41.21,49.225,1.0831250000000001,0,0.0,24.2
15,,0.0,110.75458,105.908,10.464449594211628,50.0,14.5,14,2,3,13.333333333333334,8,18,0,0,0,1,13.333333333333334,0,13.333333333333334,8,24.860625,41.21,49.225,1.0831250000000001,0,0.0,24.2
13,,0.0,109.3366530612245,105.85,6.586022628614775,49.0,15.0,13,2,3,13.333333333333334,10,17,0,0,0,1,13.333333333333334,0,13.333333333333334,10,24.860625,41.21,49.225,1.0831250000000001,0,0.0,24.2
2,,0.0,106.80283333333334,104.232,7.0844169937860055,48.0,1.5,1,2,3,1.3333333333333333,1,2,3,2,3,3,1.3333333333333333,0,1.3333333333333333,1,24.860625,41.21,49.225,1.0831250000000001,0,0.0,24.2
16,,0.0,110.88797999999998,106.501,9.22070323691557,50.0,14.0,12,2,3,14.666666666666666,12,16,0,0,0,0,14.666666666666666,0,14.666666666666666,12,24.860625,41.21,49.225,1.0831250000000001,0,0.0,24.2
9,,0.0,110.54798,105.738,10.288250001901812,50.0,10.0,9,2,3,13.333333333333334,6,17,0,0,0,1,13.333333333333334,0,13.333333333333334,6,24.860625,41.21,49.225,1.0831250000000001,0,0.0,24.2
14,,0.0,110.67966,105.54,9.576355688350132,50.0,14.5,14,2,3,10.333333333333334,9,13,0,0,0,2,10.333333333333334,0,10.333333333333334,9,24.860625,41.21,49.225,1.0831250000000001,0,0.0,24.2
20,,0.0,109.32325,108.781,0.4945181637571196,8.0,15.0,10,2,3,14.333333333333334,14,15,0,0,0,0,14.333333333333334,0,14.333333333333334,14,24.860625,41.21,49.225,1.0831250000000001,0,0.0,24.2
4,,0.0,107.14245833333332,104.241,6.222938622918429,48.0,5.5,4,2,3,3.0,3,3,3,0,3,3,3.0,0,3.0,3,24.860625,41.21,49.225,1.0831250000000001,0,0.0,24.2
3,,0.0,107.0154375,104.561,5.685408564844056,48.0,4.0,3,2,3,15.333333333333334,7,20,0,0,0,1,15.333333333333334,0,15.333333333333334,7,24.860625,41.21,49.225,1.0831250000000001,0,0.0,24.2
7,,0.0,108.9020408163265,105.627,9.875278666868056,49.0,5.5,4,2,3,10.0,4,20,0,0,1,2,10.0,0,10.0,4,24.860625,41.21,49.225,1.0831250000000001,0,0.0,24.2
1,,0.0,106.44431249999998,104.589,5.450628923915423,48.0,1.5,1,2,3,2.6666666666666665,1,5,2,1,3,3,2.6666666666666665,0,2.6666666666666665,1,24.860625,41.21,49.225,1.0831250000000001,0,0.0,24.2
16,,0.0,93.40669642857142,91.736,2.270374033419027,56.0,14.5,13,2,4,14.25,9,19,0,0,0,1,13.666666666666666,0,14.25,9,27.11741935483871,36.689032258064515,59.42580645161291,3.970322580645161,0,0.0,24.2
19,,0.0,94.0726,92.006,2.2160069912311173,55.0,18.0,17,2,4,13.5,8,20,0,0,0,1,11.333333333333334,0,13.5,8,27.11741935483871,36.689032258064515,59.42580645161291,3.970322580645161,0,0.0,24.2
13,,0.0,93.3672142857143,91.838,2.352856412682528,56.0,14.5,13,2,4,13.75,8,18,0,0,0,1,15.666666666666666,0,13.75,8,27.11741935483871,36.689032258064515,59.42580645161291,3.970322580645161,0,0.0,24.2
4,,0.0,92.71433928571427,91.015,2.3198985579451192,56.0,5.0,4,2,4,9.25,4,18,0,0,1,3,10.0,0,9.25,4,27.11741935483871,36.689032258064515,59.42580645161291,3.970322580645161,0,0.0,24.2
5,,0.0,92.81560714285716,91.362,2.099945173990559,56.0,6.0,5,2,4,6.75,4,12,0,0,2,3,7.666666666666667,0,6.75,4,27.11741935483871,36.689032258064515,59.42580645161291,3.970322580645161,0,0.0,24.2
6,,0.0,92.94869642857142,90.669,2.070218231093198,56.0,5.0,4,2,4,4.5,2,6,1,0,3,4,4.333333333333333,0,4.5,2,27.11741935483871,36.689032258064515,59.42580645161291,3.970322580645161,0,0.0,24.2
9,,0.0,93.11035714285715,91.143,2.023405647808767,56.0,8.5,8,2,4,13.75,8,18,0,0,0,1,12.333333333333334,0,13.75,8,27.11741935483871,36.689032258064515,59.42580645161291,3.970322580645161,0,0.0,24.2
15,,0.0,93.40121428571427,90.901,2.381221739239874,56.0,12.5,10,2,4,12.75,7,17,0,0,0,1,12.0,0,12.75,7,27.11741935483871,36.689032258064515,59.42580645161291,3.970322580645161,0,0.0,24.2
14,,0.0,93.35278571428572,91.852,2.273723863575393,56.0,17.0,14,2,4,15.0,10,19,0,0,0,1,16.666666666666668,0,15.0,10,27.11741935483871,36.689032258064515,59.42580645161291,3.970322580645161,0,0.0,24.2
11,,0.0,93.15739285714288,91.038,2.1111814587922217,56.0,14.5,11,2,4,10.5,10,11,0,0,0,2,10.333333333333334,0,10.5,10,27.11741935483871,36.689032258064515,59.42580645161291,3.970322580645161,0,0.0,24.2
18,,0.0,93.55376785714286,91.562,2.5242967264788208,56.0,14.5,11,2,4,15.75,14,20,0,0,0,0,16.333333333333332,0,15.75,14,27.11741935483871,36.689032258064515,59.42580645161291,3.970322580645161,0,0.0,24.2
10,,0.0,93.22010714285716,91.691,2.1854142746738088,56.0,12.5,10,2,4,13.25,10,17,0,0,0,1,13.333333333333334,0,13.25,10,27.11741935483871,36.689032258064515,59.42580645161291,3.970322580645161,0,0.0,24.2
12,,0.0,93.15546428571427,90.862,2.1803428251229056,56.0,7.5,3,2,4,9.25,4,20,0,0,1,3,10.333333333333334,0,9.25,4,27.11741935483871,36.689032258064515,59.42580645161291,3.970322580645161,0,0.0,24.2
7,,0.0,93.05048214285712,91.434,2.325296461967584,56.0,6.0,5,2,4,12.25,3,20,1,0,1,2,10.0,0,12.25,3,27.11741935483871,36.689032258064515,59.42580645161291,3.970322580645161,0,0.0,24.2
3,,0.0,92.63032142857142,90.519,2.2068451369413213,56.0,7.5,3,2,4,3.25,3,4,3,0,4,4,3.3333333333333335,0,3.25,3,27.11741935483871,36.689032258064515,59.42580645161291,3.970322580645161,0,0.0,24.2
2,,0.0,92.27560714285713,90.56,2.2860234682528078,56.0,1.5,1,2,4,2.25,1,5,3,2,4,4,2.3333333333333335,0,2.25,1,27.11741935483871,36.689032258064515,59.42580645161291,3.970322580645161,0,0.0,24.2
8,,0.0,93.127625,91.971,2.2752804067950527,56.0,8.5,8,2,4,11.25,9,14,0,0,0,2,12.0,0,11.25,9,27.11741935483871,36.689032258064515,59.42580645161291,3.970322580645161,0,0.0,24.2
17,,0.0,93.539375,92.401,2.4747392851663084,56.0,18.0,17,2,4,12.25,6,17,0,0,0,2,10.666666666666666,0,12.25,6,27.11741935483871,36.689032258064515,59.42580645161291,3.970322580645161,0,0.0,24.2
20,,0.0,94.28705454545454,92.384,5.792671751056521,55.0,17.0,14,2,4,15.0,12,16,0,0,0,0,16.0,0,15.0,12,27.11741935483871,36.689032258064515,59.42580645161291,3.970322580645161,0,0.0,24.2
1,,0.0,92.08066071428571,89.708,2.1844558654838404,56.0,1.5,1,2,4,1.5,1,2,4,2,4,4,1.6666666666666667,0,1.5,1,27.11741935483871,36.689032258064515,59.42580645161291,3.970322580645161,0,0.0,24.2
14,,0.0,85.74439473684211,76.672,9.880184469369585,76.0,16.0,14,2,5,14.8,10,19,0,0,0,1,15.0,0,14.8,10,25.06590909090909,39.25568181818182,45.86363636363637,1.0056818181818181,1,0.0,24.2
13,,0.0,85.32956578947368,76.926,9.551358577480691,76.0,12.0,11,2,5,14.6,9,19,0,0,0,1,14.666666666666666,0,14.6,9,25.06590909090909,39.25568181818182,45.86363636363637,1.0056818181818181,1,0.0,24.2
17,,0.0,85.41555405405406,76.991,9.766222731549982,74.0,18.0,17,2,5,13.2,7,17,0,0,0,1,13.0,0,13.2,7,25.06590909090909,39.25568181818182,45.86363636363637,1.0056818181818181,1,0.0,24.2
3,,0.0,84.18611688311688,76.528,9.66291531956069,77.0,5.0,3,2,5,12.8,8,18,0,0,0,2,12.666666666666666,0,12.8,8,25.06590909090909,39.25568181818182,45.86363636363637,1.0056818181818181,1,0.0,24.2
11,,0.0,85.05301315789472,77.824,8.692888392233307,76.0,12.0,11,2,5,13.6,8,18,0,0,0,1,14.0,0,13.6,8,25.06590909090909,39.25568181818182,45.86363636363637,1.0056818181818181,1,0.0,24.2
8,,0.0,83.79736842105264,76.449,8.871942064496897,76.0,7.0,6,2,5,6.4,4,12,0,0,3,4,7.333333333333333,0,6.4,4,25.06590909090909,39.25568181818182,45.86363636363637,1.0056818181818181,1,0.0,24.2
5,,0.0,84.32307792207791,76.798,9.983388099298589,77.0,4.5,4,2,5,8.2,4,18,0,0,2,4,10.0,0,8.2,4,25.06590909090909,39.25568181818182,45.86363636363637,1.0056818181818181,1,0.0,24.2
15,,0.0,84.733,77.68,9.421580089819802,73.0,13.5,12,2,5,10.6,10,11,0,0,0,2,10.333333333333334,0,10.6,10,25.06590909090909,39.25568181818182,45.86363636363637,1.0056818181818181,1,0.0,24.2
4,,0.0,84.18775324675325,75.65,9.661083908836256,77.0,4.5,4,2,5,4.8,2,6,1,0,3,5,4.666666666666667,0,4.8,2,25.06590909090909,39.25568181818182,45.86363636363637,1.0056818181818181,1,0.0,24.2
10,,0.0,84.28013333333332,77.513,8.561344025474185,75.0,9.5,9,2,5,14.6,8,20,0,0,0,1,12.666666666666666,0,14.6,8,25.06590909090909,39.25568181818182,45.86363636363637,1.0056818181818181,1,0.0,24.2
12,,0.0,85.47168421052632,77.561,9.917841972540232,76.0,13.5,12,2,5,16.2,14,20,0,0,0,0,17.666666666666668,0,16.2,14,25.06590909090909,39.25568181818182,45.86363636363637,1.0056818181818181,1,0.0,24.2
20,,0.0,80.42132692307693,77.769,4.576709759680962,52.0,11.0,2,2,5,9.8,4,20,0,0,1,3,7.666666666666667,0,9.8,4,25.06590909090909,39.25568181818182,45.86363636363637,1.0056818181818181,1,0.0,24.2
1,,0.0,83.12072368421053,76.604,8.911824720895543,76.0,8.5,1,2,5,1.4,1,2,5,3,5,5,1.3333333333333333,0,1.4,1,25.06590909090909,39.25568181818182,45.86363636363637,1.0056818181818181,1,0.0,24.2
18,,0.0,86.76365333333332,77.302,10.826604696606251,75.0,16.0,14,2,5,16.0,12,20,0,0,0,0,17.333333333333332,0,16.0,12,25.06590909090909,39.25568181818182,45.86363636363637,1.0056818181818181,1,0.0,24.2
9,,0.0,84.16005333333334,77.844,8.166340580921396,75.0,9.5,9,2,5,13.2,6,17,0,0,0,2,10.666666666666666,0,13.2,6,25.06590909090909,39.25568181818182,45.86363636363637,1.0056818181818181,1,0.0,24.2
19,,0.0,84.73648484848485,78.351,9.618562173442674,66.0,18.0,17,2,5,12.6,10,17,0,0,0,2,13.333333333333334,0,12.6,10,25.06590909090909,39.25568181818182,45.86363636363637,1.0056818181818181,1,0.0,24.2
16,,0.0,85.6347972972973,76.269,10.70269262494734,74.0,8.5,1,2,5,2.2,1,5,4,2,5,5,2.6666666666666665,0,2.2,1,25.06590909090909,39.25568181818182,45.86363636363637,1.0056818181818181,1,0.0,24.2
2,,0.0,83.52288157894735,76.674,9.281036884554236,76.0,11.0,2,2,5,3.2,3,4,4,0,5,5,3.3333333333333335,0,3.2,3,25.06590909090909,39.25568181818182,45.86363636363637,1.0056818181818181,1,0.0,24.2
6,,0.0,83.88836842105263,75.773,8.944573271493883,76.0,7.0,6,2,5,11.2,3,20,1,0,1,3,10.0,0,11.2,3,25.06590909090909,39.25568181818182,45.86363636363637,1.0056818181818181,1,0.0,24.2
7,,0.0,83.99400000000001,75.831,9.0885453958999,76.0,5.0,3,2,5,10.6,8,14,0,0,0,3,11.666666666666666,0,10.6,8,25.06590909090909,39.25568181818182,45.86363636363637,1.0056818181818181,1,0.0,24.2
13,,0.0,81.1271875,78.679,3.573202440188832,64.0,15.0,13,2,6,13.833333333333334,8,20,0,0,0,2,13.333333333333334,0,13.833333333333334,8,22.674025974025977,33.83896103896104,63.077922077922075,1.8694805194805197,0,2.0,22.55
12,,0.0,80.8848,78.904,3.500751063164874,65.0,13.0,12,2,6,11.333333333333334,10,15,0,0,0,2,12.0,0,11.333333333333334,10,22.674025974025977,33.83896103896104,63.077922077922075,1.8694805194805197,0,2.0,22.05
3,,0.0,80.3353076923077,77.875,3.405666178972353,65.0,2.5,2,2,6,7.666666666666667,4,18,0,0,3,5,5.666666666666667,0,7.666666666666667,4,22.674025974025977,33.83896103896104,63.077922077922075,1.8694805194805197,0,2.0,22.1
5,,0.0,80.5942153846154,78.403,3.554211553268124,65.0,8.0,5,2,6,6.666666666666667,4,12,0,0,3,5,6.0,0,6.666666666666667,4,22.674025974025977,33.83896103896104,63.077922077922075,1.8694805194805197,0,2.0,22.3
2,,0.0,80.24083076923077,76.676,3.600754975388976,65.0,2.5,2,2,6,4.666666666666667,2,6,1,0,4,6,5.333333333333333,0,4.666666666666667,2,22.674025974025977,33.83896103896104,63.077922077922075,1.8694805194805197,0,2.0,22.6
8,,0.0,80.92389230769231,78.946,3.604799487848964,65.0,9.0,8,2,6,11.166666666666666,3,18,1,0,1,3,9.0,0,11.166666666666666,3,22.674025974025977,33.83896103896104,63.077922077922075,1.8694805194805197,0,2.0,23.1
15,,0.0,81.34537499999999,78.776,4.445319802090412,64.0,16.5,15,2,6,13.833333333333334,7,17,0,0,0,1,16.333333333333332,0,13.833333333333334,7,22.674025974025977,33.83896103896104,63.077922077922075,1.8694805194805197,0,3.0,23.266666666666666
9,,0.0,80.92824615384616,78.753,3.755555285302232,65.0,14.0,9,2,6,14.333333333333334,9,19,0,0,0,1,16.0,0,14.333333333333334,9,22.674025974025977,33.83896103896104,63.077922077922075,1.8694805194805197,0,2.0,23.1
16,,0.0,81.458953125,79.133,3.799881988266476,64.0,18.0,16,2,6,14.666666666666666,10,19,0,0,0,1,13.333333333333334,0,14.666666666666666,10,22.674025974025977,33.83896103896104,63.077922077922075,1.8694805194805197,0,2.0,23.35
19,,0.0,81.800359375,78.242,3.974734418070775,64.0,14.0,9,2,6,13.166666666666666,8,18,0,0,0,1,14.0,0,13.166666666666666,8,22.674025974025977,33.83896103896104,63.077922077922075,1.8694805194805197,0,2.0,23.8
14,,0.0,81.11671874999999,78.594,3.5868222371498564,64.0,13.0,12,2,6,15.5,12,20,0,0,0,0,16.666666666666668,0,15.5,12,22.674025974025977,33.83896103896104,63.077922077922075,1.8694805194805197,0,2.0,22.2
6,,0.0,80.85416923076922,78.722,3.6441681345388632,65.0,6.5,6,2,6,11.5,4,20,0,0,1,3,13.0,0,11.5,4,22.674025974025977,33.83896103896104,63.077922077922075,1.8694805194805197,0,2.0,22.8
11,,0.0,80.87029230769231,78.357,3.653946392784951,65.0,8.0,5,2,6,10.333333333333334,3,20,1,0,1,4,5.333333333333333,0,10.333333333333334,3,22.674025974025977,33.83896103896104,63.077922077922075,1.8694805194805197,0,2.0,22.35
7,,0.0,80.83120000000001,78.083,3.4937495760285966,65.0,6.5,6,2,6,3.0,2,4,5,0,6,6,3.0,0,3.0,2,22.674025974025977,33.83896103896104,63.077922077922075,1.8694805194805197,0,2.0,22.65
4,,0.0,80.35995384615384,76.666,3.3717506461349624,65.0,2.5,1,2,6,4.5,1,16,4,2,5,5,6.333333333333333,0,4.5,1,22.674025974025977,33.83896103896104,63.077922077922075,1.8694805194805197,0,2.0,21.6
10,,0.0,80.92195384615385,78.375,3.7859118965530008,65.0,9.0,8,2,6,10.0,7,14,0,0,0,4,9.666666666666666,0,10.0,7,22.674025974025977,33.83896103896104,63.077922077922075,1.8694805194805197,0,2.0,23.450000000000003
17,,0.0,81.51409375,77.182,5.657104037076703,64.0,15.0,13,2,6,12.5,6,17,0,0,0,3,11.666666666666666,0,12.5,6,22.674025974025977,33.83896103896104,63.077922077922075,1.8694805194805197,0,3.0,27.5
20,,0.0,81.8018125,79.247,3.8484759707732414,64.0,18.0,16,2,6,16.333333333333332,12,20,0,0,0,0,18.0,0,16.333333333333332,12,22.674025974025977,33.83896103896104,63.077922077922075,1.8694805194805197,0,2.0,23.15
1,,0.0,79.90776923076923,76.33,3.448126043452945,65.0,2.5,1,2,6,1.3333333333333333,1,2,6,4,6,6,1.3333333333333333,0,1.3333333333333333,1,22.674025974025977,33.83896103896104,63.077922077922075,1.8694805194805197,0,2.0,22.25
18,,0.0,81.637921875,78.069,4.431461521442088,64.0,16.5,15,2,6,13.666666666666666,10,19,0,0,0,2,14.0,0,13.666666666666666,10,22.674025974025977,33.83896103896104,63.077922077922075,1.8694805194805197,0,3.0,23.03333333333333
16,,0.0,79.83516923076922,77.09,6.586148131137688,65.0,13.0,10,2,7,13.571428571428571,9,19,0,0,0,2,12.666666666666666,0,13.571428571428571,9,18.530246913580246,30.593209876543213,63.901234567901234,1.9419753086419755,0,2.0,25.8
15,,0.0,79.97472307692307,77.232,6.493435756370844,65.0,16.0,15,2,7,14.0,7,17,0,0,0,1,15.666666666666666,0,14.0,7,18.530246913580246,30.593209876543213,63.901234567901234,1.9419753086419755,0,2.0,24.5
8,,0.0,79.15166666666669,76.782,6.183267110848647,66.0,10.0,8,2,7,10.714285714285714,3,18,1,0,1,4,6.666666666666667,0,10.714285714285714,3,18.530246913580246,30.593209876543213,63.901234567901234,1.9419753086419755,0,2.0,24.0
7,,0.0,79.27296969696971,76.917,6.243735760361854,66.0,13.5,7,2,7,14.857142857142858,10,19,0,0,0,1,14.666666666666666,0,14.857142857142858,10,18.530246913580246,30.593209876543213,63.901234567901234,1.9419753086419755,0,1.0,25.0
5,,0.0,78.46295454545454,75.911,5.7789555708804174,66.0,4.5,4,2,7,6.428571428571429,4,12,0,0,4,6,6.0,0,6.428571428571429,4,18.530246913580246,30.593209876543213,63.901234567901234,1.9419753086419755,0,1.0,24.1
19,,0.0,80.07796078431372,77.097,7.607671212561134,51.0,11.0,3,2,7,7.0,3,18,1,0,4,6,4.0,0,7.0,3,18.530246913580246,30.593209876543213,63.901234567901234,1.9419753086419755,0,1.0,88.9
10,,0.0,79.12627272727272,76.625,5.555743831790259,66.0,13.0,10,2,7,14.0,8,19,0,0,0,1,14.333333333333334,0,14.0,8,18.530246913580246,30.593209876543213,63.901234567901234,1.9419753086419755,0,1.0,24.0
3,,0.0,78.32034848484848,75.396,6.087119797616615,66.0,11.0,3,2,7,4.285714285714286,2,6,2,0,5,7,4.0,0,4.285714285714286,2,18.530246913580246,30.593209876543213,63.901234567901234,1.9419753086419755,0,2.0,24.0
14,,0.0,79.24095454545454,76.666,6.024322566273943,66.0,16.0,14,2,7,11.428571428571429,10,15,0,0,0,2,12.666666666666666,0,11.428571428571429,10,18.530246913580246,30.593209876543213,63.901234567901234,1.9419753086419755,0,2.0,25.55
11,,0.0,79.24560606060606,76.598,6.21013135220625,66.0,12.0,11,2,7,13.714285714285714,8,20,0,0,0,2,14.0,0,13.714285714285714,8,18.530246913580246,30.593209876543213,63.901234567901234,1.9419753086419755,0,2.0,24.1
17,,0.0,79.48865625000002,76.126,5.673100919135008,64.0,16.0,15,2,7,14.285714285714286,10,19,0,0,0,2,15.666666666666666,0,14.285714285714286,10,18.530246913580246,30.593209876543213,63.901234567901234,1.9419753086419755,0,2.0,24.7
1,,0.0,77.96686363636366,75.594,5.777153935676589,66.0,3.5,1,2,7,1.2857142857142858,1,2,7,5,7,7,1.0,0,1.2857142857142858,1,18.530246913580246,30.593209876543213,63.901234567901234,1.9419753086419755,0,2.0,23.75
20,,0.0,79.4078,78.437,0.877771439498914,5.0,13.5,7,2,7,16.857142857142858,12,20,0,0,0,0,19.333333333333332,0,16.857142857142858,12,18.530246913580246,30.593209876543213,63.901234567901234,1.9419753086419755,0,0.0,24.2
13,,0.0,79.33442424242426,76.374,6.622022296411609,66.0,12.0,11,2,7,13.142857142857142,6,17,0,0,0,3,14.333333333333334,0,13.142857142857142,6,18.530246913580246,30.593209876543213,63.901234567901234,1.9419753086419755,0,2.0,24.65
12,,0.0,78.98672307692307,76.425,5.027960015962277,65.0,10.0,8,2,7,10.0,7,14,0,0,0,5,8.333333333333334,0,10.0,7,18.530246913580246,30.593209876543213,63.901234567901234,1.9419753086419755,0,2.0,25.8
18,,0.0,81.12951515151516,76.656,9.221247411432136,66.0,16.0,14,2,7,15.285714285714286,12,20,0,0,0,0,14.666666666666666,0,15.285714285714286,12,18.530246913580246,30.593209876543213,63.901234567901234,1.9419753086419755,0,2.0,24.299999999999997
2,,0.0,78.24101515151517,75.779,6.088534408699745,66.0,5.5,2,2,7,3.5714285714285716,2,7,5,0,6,7,4.0,0,3.5714285714285716,2,18.530246913580246,30.593209876543213,63.901234567901234,1.9419753086419755,0,2.0,23.95
4,,0.0,78.4324090909091,75.907,5.7902596141538165,66.0,4.5,4,2,7,10.428571428571429,3,20,1,0,1,4,8.0,0,10.428571428571429,3,18.530246913580246,30.593209876543213,63.901234567901234,1.9419753086419755,0,1.0,24.3
9,,0.0,78.86650769230769,76.564,4.683330459336192,65.0,5.5,2,2,7,10.714285714285714,4,20,0,0,1,4,12.666666666666666,0,10.714285714285714,4,18.530246913580246,30.593209876543213,63.901234567901234,1.9419753086419755,0,2.0,23.75
6,,0.0,78.90778787878787,74.481,5.977694962274729,66.0,3.5,1,2,7,4.428571428571429,1,16,4,2,6,6,7.333333333333333,0,4.428571428571429,1,18.530246913580246,30.593209876543213,63.901234567901234,1.9419753086419755,0,2.0,23.2
11,,0.0,71.26144776119405,69.56,3.1453002568217694,67.0,12.0,11,2,8,13.875,7,19,0,0,0,2,12.333333333333334,0,13.875,7,22.398039215686275,32.05424836601307,52.04575163398693,1.0973856209150328,1,3.0,21.933333333333334
17,,0.0,72.4539104477612,69.862,5.697755979680078,67.0,11.0,5,2,8,13.375,8,20,0,0,0,2,11.333333333333334,0,13.375,8,22.398039215686275,32.05424836601307,52.04575163398693,1.0973856209150328,1,4.0,22.975
16,,0.0,72.85017647058822,69.94,6.171861904756003,68.0,15.0,14,2,8,13.5,8,19,0,0,0,2,13.333333333333334,0,13.5,8,22.398039215686275,32.05424836601307,52.04575163398693,1.0973856209150328,1,3.0,23.566666666666666
8,,0.0,70.93353731343284,69.283,2.575869363855089,67.0,7.5,7,2,8,8.5,3,19,1,0,4,6,9.0,0,8.5,3,22.398039215686275,32.05424836601307,52.04575163398693,1.0973856209150328,1,3.0,20.599999999999998
4,,0.0,71.11804411764706,68.88,4.988974624509001,68.0,3.0,2,2,8,6.25,4,12,0,0,5,7,6.0,0,6.25,4,22.398039215686275,32.05424836601307,52.04575163398693,1.0973856209150328,1,3.0,23.666666666666668
7,,0.0,70.84576119402986,69.16,3.136464048891112,67.0,7.5,7,2,8,4.125,2,6,3,0,6,8,3.0,0,4.125,2,22.398039215686275,32.05424836601307,52.04575163398693,1.0973856209150328,1,3.0,22.0
12,,0.0,71.99159701492538,69.797,5.524407317887626,67.0,10.5,9,2,8,10.375,3,18,1,0,1,5,6.333333333333333,0,10.375,3,22.398039215686275,32.05424836601307,52.04575163398693,1.0973856209150328,1,3.0,23.5
20,,0.0,73.777,71.066,5.440329746440007,9.0,19.5,19,2,8,14.125,7,17,0,0,0,1,15.666666666666666,0,14.125,7,22.398039215686275,32.05424836601307,52.04575163398693,1.0973856209150328,1,2.0,19.25
14,,0.0,72.64901470588234,69.786,5.934517414253582,68.0,15.0,14,2,8,13.875,9,19,0,0,0,2,12.666666666666666,0,13.875,9,22.398039215686275,32.05424836601307,52.04575163398693,1.0973856209150328,1,3.0,21.2
18,,0.0,72.79014705882352,69.62,5.468447975580732,68.0,16.5,15,2,8,11.75,10,15,0,0,0,2,13.666666666666666,0,11.75,10,22.398039215686275,32.05424836601307,52.04575163398693,1.0973856209150328,1,4.0,23.575
15,,0.0,72.6397794117647,69.852,5.393193194315551,68.0,16.5,15,2,8,15.625,12,20,0,0,0,0,14.666666666666666,0,15.625,12,22.398039215686275,32.05424836601307,52.04575163398693,1.0973856209150328,1,3.0,19.766666666666666
19,,0.0,72.91958823529411,70.176,4.927673912316863,68.0,19.5,19,2,8,14.625,10,19,0,0,0,2,18.0,0,14.625,10,22.398039215686275,32.05424836601307,52.04575163398693,1.0973856209150328,1,3.0,24.766666666666666
10,,0.0,71.64319117647058,68.463,5.096536975438375,68.0,8.0,6,2,8,10.5,4,20,0,0,1,5,11.666666666666666,0,10.5,4,22.398039215686275,32.05424836601307,52.04575163398693,1.0973856209150328,1,4.0,21.175
2,,0.0,70.88748529411762,68.82,4.341505717525073,68.0,3.0,2,2,8,9.625,3,20,1,0,2,5,7.0,0,9.625,3,22.398039215686275,32.05424836601307,52.04575163398693,1.0973856209150328,1,3.0,20.366666666666664
6,,0.0,71.23186764705883,69.108,4.249144345487501,68.0,8.0,6,2,8,3.375,2,7,6,0,7,8,3.6666666666666665,0,3.375,2,22.398039215686275,32.05424836601307,52.04575163398693,1.0973856209150328,1,3.0,20.266666666666666
3,,0.0,71.0006911764706,68.111,4.240608402060072,68.0,2.0,1,2,8,4.625,1,16,4,2,6,7,8.666666666666666,0,4.625,1,22.398039215686275,32.05424836601307,52.04575163398693,1.0973856209150328,1,3.0,20.066666666666666
9,,0.0,71.08229850746268,69.046,3.185050406408252,67.0,10.5,9,2,8,10.25,7,14,0,0,0,5,9.666666666666666,0,10.25,7,22.398039215686275,32.05424836601307,52.04575163398693,1.0973856209150328,1,3.0,21.96666666666667
5,,0.0,70.62667164179105,68.739,2.525866826236213,67.0,11.0,5,2,8,13.125,6,17,0,0,0,3,13.0,0,13.125,6,22.398039215686275,32.05424836601307,52.04575163398693,1.0973856209150328,1,3.0,20.400000000000002
13,,0.0,72.49148529411765,69.611,6.2875680453696585,68.0,12.0,11,2,8,17.25,12,20,0,0,0,0,19.333333333333332,0,17.25,12,22.398039215686275,32.05424836601307,52.04575163398693,1.0973856209150328,1,3.0,20.633333333333336
1,,0.0,70.82011764705882,67.012,4.831492435069282,68.0,2.0,1,2,8,1.25,1,2,8,6,8,8,1.0,0,1.25,1,22.398039215686275,32.05424836601307,52.04575163398693,1.0973856209150328,1,4.0,20.125
15,,0.0,96.93640816326533,91.769,10.125149492555584,49.0,13.5,12,2,9,13.88888888888889,9,19,0,0,0,2,13.0,0,13.88888888888889,9,21.473509933774835,30.94105960264901,56.18543046357616,3.023841059602649,0,3.0,30.7
13,,0.0,96.94416326530612,91.776,10.615535512765671,49.0,16.0,13,2,9,14.777777777777779,7,20,0,0,0,1,16.666666666666668,0,14.777777777777779,7,21.473509933774835,30.94105960264901,56.18543046357616,3.023841059602649,0,2.0,35.95
20,,0.0,94.229375,93.846,0.4473381391232886,8.0,19.0,18,2,9,10.555555555555555,3,18,1,0,1,5,9.333333333333334,0,10.555555555555555,3,21.473509933774835,30.94105960264901,56.18543046357616,3.023841059602649,0,0.0,24.2
3,,0.0,93.30515217391309,90.545,4.671867839490093,46.0,4.0,3,2,9,4.444444444444445,2,7,3,0,6,9,4.0,0,4.444444444444445,2,21.473509933774835,30.94105960264901,56.18543046357616,3.023841059602649,0,1.0,29.1
4,,0.0,94.6507021276596,90.85,8.447056868248854,47.0,3.0,2,2,9,13.777777777777779,8,20,0,0,0,2,13.666666666666666,0,13.777777777777779,8,21.473509933774835,30.94105960264901,56.18543046357616,3.023841059602649,0,1.0,28.6
5,,0.0,95.66433333333336,91.124,10.263908422199156,48.0,4.0,3,2,9,8.444444444444445,3,19,1,0,4,7,10.0,0,8.444444444444445,3,21.473509933774835,30.94105960264901,56.18543046357616,3.023841059602649,0,1.0,29.4
12,,0.0,95.84604166666668,91.852,8.225991611850025,48.0,13.5,12,2,9,13.777777777777779,8,19,0,0,0,2,15.0,0,13.777777777777779,8,21.473509933774835,30.94105960264901,56.18543046357616,3.023841059602649,0,1.0,29.6
8,,0.0,94.75721276595743,91.273,7.847616118054913,47.0,9.5,8,2,9,13.555555555555555,7,19,0,0,0,2,11.333333333333334,0,13.555555555555555,7,21.473509933774835,30.94105960264901,56.18543046357616,3.023841059602649,0,1.0,29.6
10,,0.0,95.911875,91.366,10.120565514064324,48.0,9.5,9,2,9,6.0,4,12,0,0,6,8,4.666666666666667,0,6.0,4,21.473509933774835,30.94105960264901,56.18543046357616,3.023841059602649,0,1.0,28.8
16,,0.0,96.05785416666669,92.084,8.363348293620673,48.0,16.5,16,2,9,12.444444444444445,10,18,0,0,0,2,14.666666666666666,0,12.444444444444445,10,21.473509933774835,30.94105960264901,56.18543046357616,3.023841059602649,0,2.0,28.450000000000003
17,,0.0,96.07622916666666,92.353,8.019820288323395,48.0,16.5,16,2,9,15.555555555555555,12,20,0,0,0,0,15.666666666666666,0,15.555555555555555,12,21.473509933774835,30.94105960264901,56.18543046357616,3.023841059602649,0,2.0,28.299999999999997
19,,0.0,94.33780000000002,93.356,0.6042133900284367,30.0,16.0,13,2,9,15.11111111111111,10,19,0,0,0,2,18.0,0,15.11111111111111,10,21.473509933774835,30.94105960264901,56.18543046357616,3.023841059602649,0,0.0,24.2
14,,0.0,96.88455102040815,91.508,10.927764604554357,49.0,10.5,7,2,9,10.444444444444445,4,20,0,0,1,6,8.333333333333334,0,10.444444444444445,4,21.473509933774835,30.94105960264901,56.18543046357616,3.023841059602649,0,1.0,28.5
9,,0.0,94.8452340425532,91.255,8.273724573225685,47.0,9.5,9,2,9,8.777777777777779,2,20,2,0,3,6,5.666666666666667,0,8.777777777777779,2,21.473509933774835,30.94105960264901,56.18543046357616,3.023841059602649,0,2.0,28.5
7,,0.0,94.70212765957449,91.338,7.946103802211667,47.0,10.5,7,2,9,3.6666666666666665,2,7,6,0,7,9,5.0,0,3.6666666666666665,2,21.473509933774835,30.94105960264901,56.18543046357616,3.023841059602649,0,1.0,28.6
6,,0.0,95.68583333333332,90.914,9.623906101603565,48.0,3.5,1,2,9,4.444444444444445,1,16,5,2,7,8,4.333333333333333,0,4.444444444444445,1,21.473509933774835,30.94105960264901,56.18543046357616,3.023841059602649,0,1.0,28.0
18,,0.0,97.82785714285716,91.539,12.313296623373924,42.0,19.0,18,2,9,10.11111111111111,7,14,0,0,0,6,10.333333333333334,0,10.11111111111111,7,21.473509933774835,30.94105960264901,56.18543046357616,3.023841059602649,0,1.0,28.4
2,,0.0,93.01371739130435,90.543,4.580874635860339,46.0,3.0,2,2,9,12.222222222222221,5,17,0,0,1,4,11.666666666666666,0,12.222222222222221,5,21.473509933774835,30.94105960264901,56.18543046357616,3.023841059602649,0,1.0,28.4
11,,0.0,96.869693877551,91.699,10.020871012134462,49.0,9.5,8,2,9,16.77777777777778,12,20,0,0,0,0,17.666666666666668,0,16.77777777777778,12,21.473509933774835,30.94105960264901,56.18543046357616,3.023841059602649,0,1.0,28.8
1,,0.0,92.64076086956524,90.275,4.003161912426408,46.0,3.5,1,2,9,1.2222222222222223,1,2,9,7,9,9,1.0,0,1.2222222222222223,1,21.473509933774835,30.94105960264901,56.18543046357616,3.023841059602649,0,1.0,29.0
16,,0.0,86.06458823529411,83.743,4.053105907765182,68.0,14.0,12,2,10,14.0,9,19,0,0,0,2,15.0,0,14.0,9,28.808536585365857,48.579268292682926,32.80487804878049,1.4408536585365854,0,2.0,26.0
14,,0.0,85.97563235294116,83.573,3.280932052249022,68.0,15.5,14,2,10,14.6,7,20,0,0,0,1,16.0,0,14.6,7,28.808536585365857,48.579268292682926,32.80487804878049,1.4408536585365854,0,2.0,22.4
19,,0.0,92.27560714285713,89.708,5.673100919135008,0.0,19.5,19,2,10,11.5,3,20,1,0,1,5,13.333333333333334,0,11.5,3,28.808536585365857,48.579268292682926,32.80487804878049,1.4408536585365854,0,0.0,24.2
4,,0.0,84.59752173913043,81.601,3.48965263570786,69.0,5.0,4,2,10,4.3,2,7,4,0,7,10,4.333333333333333,0,4.3,2,28.808536585365857,48.579268292682926,32.80487804878049,1.4408536585365854,0,2.0,21.799999999999997
5,,0.0,84.96408695652174,82.736,3.1207209750460025,69.0,3.5,2,2,10,12.8,4,20,0,0,1,3,10.666666666666666,0,12.8,4,28.808536585365857,48.579268292682926,32.80487804878049,1.4408536585365854,0,2.0,21.55
6,,0.0,84.90488405797102,82.158,3.297445292487504,69.0,5.0,4,2,10,8.1,3,19,1,0,5,8,10.666666666666666,0,8.1,3,28.808536585365857,48.579268292682926,32.80487804878049,1.4408536585365854,0,2.0,21.700000000000003
12,,0.0,85.63933823529409,83.651,3.415861922697426,68.0,14.0,12,2,10,13.6,8,19,0,0,0,2,12.666666666666666,0,13.6,8,28.808536585365857,48.579268292682926,32.80487804878049,1.4408536585365854,0,2.0,22.65
11,,0.0,85.60541176470588,84.051,3.233835411660629,68.0,14.5,11,2,10,13.0,7,19,0,0,0,3,8.666666666666666,0,13.0,7,28.808536585365857,48.579268292682926,32.80487804878049,1.4408536585365854,0,2.0,21.85
8,,0.0,85.04236231884059,82.584,3.299170439274511,69.0,7.5,7,2,10,6.4,4,12,0,0,6,9,6.333333333333333,0,6.4,4,28.808536585365857,48.579268292682926,32.80487804878049,1.4408536585365854,0,2.0,21.7
15,,0.0,85.96098529411765,83.269,3.6078586591298336,68.0,14.0,13,2,10,12.8,10,18,0,0,0,2,16.0,0,12.8,10,28.808536585365857,48.579268292682926,32.80487804878049,1.4408536585365854,0,2.0,23.6
17,,0.0,86.4000294117647,83.864,3.315222659596808,68.0,15.5,14,2,10,15.5,10,19,0,0,0,2,18.333333333333332,0,15.5,10,28.808536585365857,48.579268292682926,32.80487804878049,1.4408536585365854,0,2.0,22.4
10,,0.0,85.42858823529411,83.425,3.466408590239528,68.0,9.5,9,2,10,10.8,4,20,0,0,1,6,11.0,0,10.8,4,28.808536585365857,48.579268292682926,32.80487804878049,1.4408536585365854,0,2.0,22.15
18,,0.0,86.23933333333332,83.496,4.076594220795792,66.0,14.5,11,2,10,16.2,11,20,0,0,0,0,14.666666666666666,0,16.2,11,28.808536585365857,48.579268292682926,32.80487804878049,1.4408536585365854,0,2.0,23.05
13,,0.0,85.68785294117647,83.934,3.3672843314896497,68.0,14.0,13,2,0,10.0,10,10,0,0,0,0,10.0,0,10.0,10,28.808536585365857,48.579268292682926,32.80487804878049,1.4408536585365854,0,2.0,22.049999999999997
2,,0.0,84.52846376811594,82.178,3.0027493802479945,69.0,3.5,2,2,10,11.2,2,17,1,0,2,5,6.666666666666667,0,11.2,2,28.808536585365857,48.579268292682926,32.80487804878049,1.4408536585365854,0,2.0,21.45
1,,0.0,84.0684347826087,80.504,3.3887071648876086,69.0,2.0,1,2,10,1.2,1,2,10,8,10,10,1.0,0,1.2,1,28.808536585365857,48.579268292682926,32.80487804878049,1.4408536585365854,0,2.0,21.5
3,,0.0,84.53868115942029,82.295,3.2144429692760226,69.0,2.0,1,2,10,4.6,1,16,5,2,7,9,5.0,0,4.6,1,28.808536585365857,48.579268292682926,32.80487804878049,1.4408536585365854,0,2.0,21.3
9,,0.0,85.09814492753623,82.745,3.533942696010665,69.0,9.5,9,2,10,4.0,2,7,6,0,7,10,5.0,0,4.0,2,28.808536585365857,48.579268292682926,32.80487804878049,1.4408536585365854,0,2.0,23.5
7,,0.0,84.96555072463768,82.469,3.628972827189177,69.0,7.5,7,2,10,8.8,2,20,2,0,3,7,5.0,0,8.8,2,28.808536585365857,48.579268292682926,32.80487804878049,1.4408536585365854,0,2.0,24.9
20,,0.0,92.27560714285713,89.708,5.673100919135008,0.0,19.5,19,2,10,10.9,7,18,0,0,0,6,13.0,0,10.9,7,28.808536585365857,48.579268292682926,32.80487804878049,1.4408536585365854,0,0.0,24.2
14,,0.0,114.56453488372092,109.841,3.878665574093611,43.0,15.5,14,2,11,12.818181818181818,7,19,0,0,0,3,10.0,0,12.818181818181818,7,17.873333333333335,28.24066666666667,61.92666666666667,1.5946666666666667,1,3.0,24.0
12,,0.0,114.29018604651164,110.515,3.2303100120710364,43.0,12.5,12,2,11,13.454545454545455,8,19,0,0,0,2,13.333333333333334,0,13.454545454545455,8,17.873333333333335,28.24066666666667,61.92666666666667,1.5946666666666667,1,2.0,23.5
6,,0.0,113.78469767441858,110.603,3.2290261803041647,43.0,5.0,4,2,11,7.909090909090909,3,19,1,0,5,9,6.333333333333333,0,7.909090909090909,3,17.873333333333335,28.24066666666667,61.92666666666667,1.5946666666666667,1,1.0,23.8
19,,0.0,117.08836363636364,113.138,3.263063278073222,22.0,11.0,3,2,11,6.545454545454546,4,12,0,0,6,10,7.333333333333333,0,6.545454545454546,4,17.873333333333335,28.24066666666667,61.92666666666667,1.5946666666666667,1,1.0,23.3
4,,0.0,113.60258139534886,107.305,4.048743398427749,43.0,5.0,4,2,11,4.2727272727272725,2,7,4,0,8,11,4.666666666666667,0,4.2727272727272725,2,17.873333333333335,28.24066666666667,61.92666666666667,1.5946666666666667,1,3.0,23.03333333333333
20,,0.0,92.27560714285713,89.708,5.673100919135008,0.0,13.5,7,2,11,12.090909090909092,4,20,0,0,2,4,8.666666666666666,0,12.090909090909092,4,17.873333333333335,28.24066666666667,61.92666666666667,1.5946666666666667,1,0.0,24.2
18,,0.0,114.82860465116282,109.907,3.337502595964996,43.0,16.5,15,2,11,14.545454545454545,7,20,0,0,0,1,15.666666666666666,0,14.545454545454545,7,17.873333333333335,28.24066666666667,61.92666666666667,1.5946666666666667,1,2.0,24.85
13,,0.0,114.51093023255817,110.188,3.389934164238851,43.0,12.5,12,2,11,14.181818181818182,9,19,0,0,0,2,15.0,0,14.181818181818182,9,17.873333333333335,28.24066666666667,61.92666666666667,1.5946666666666667,1,2.0,24.2
10,,0.0,114.21200000000002,111.394,3.2896157034204583,43.0,13.0,10,2,11,13.0,10,18,0,0,0,2,16.333333333333332,0,13.0,10,17.873333333333335,28.24066666666667,61.92666666666667,1.5946666666666667,1,2.0,22.65
8,,0.0,114.02981395348836,110.439,3.339621123761924,43.0,9.5,8,2,11,12.181818181818182,3,20,1,0,1,5,17.0,0,12.181818181818182,3,17.873333333333335,28.24066666666667,61.92666666666667,1.5946666666666667,1,2.0,23.15
9,,0.0,114.17893023255812,111.297,3.73199976008873,43.0,7.0,5,2,11,10.727272727272727,4,20,0,0,1,7,11.333333333333334,0,10.727272727272727,4,17.873333333333335,28.24066666666667,61.92666666666667,1.5946666666666667,1,1.0,25.3
1,,0.0,112.437,108.922,3.10025743170743,43.0,1.5,1,2,11,1.1818181818181819,1,2,11,9,11,11,1.0,0,1.1818181818181819,1,17.873333333333335,28.24066666666667,61.92666666666667,1.5946666666666667,1,2.0,22.9
17,,0.0,114.71055813953488,110.236,3.676406587328017,43.0,15.5,14,2,11,16.363636363636363,11,20,0,0,0,0,14.0,0,16.363636363636363,11,17.873333333333335,28.24066666666667,61.92666666666667,1.5946666666666667,1,3.0,23.5
16,,0.0,114.63595348837208,110.994,3.970694577319766,43.0,13.0,10,2,1,13.0,13,13,0,0,0,0,13.0,0,13.0,13,17.873333333333335,28.24066666666667,61.92666666666667,1.5946666666666667,1,2.0,23.0
7,,0.0,114.0776046511628,111.682,3.567187148090449,43.0,13.5,7,2,11,10.363636363636363,2,17,2,0,3,6,3.0,0,10.363636363636363,2,17.873333333333335,28.24066666666667,61.92666666666667,1.5946666666666667,1,2.0,24.35
15,,0.0,114.6133488372093,110.993,3.053516527700332,43.0,16.5,15,2,11,15.636363636363637,10,19,0,0,0,2,18.333333333333332,0,15.636363636363637,10,17.873333333333335,28.24066666666667,61.92666666666667,1.5946666666666667,1,2.0,23.55
2,,0.0,113.01069767441858,110.308,3.207613833001276,43.0,1.5,1,2,11,4.454545454545454,1,16,6,2,8,10,4.0,0,4.454545454545454,1,17.873333333333335,28.24066666666667,61.92666666666667,1.5946666666666667,1,2.0,23.15
5,,0.0,113.68288372093022,110.938,3.536069799793891,43.0,7.0,5,2,11,4.454545454545454,2,9,6,0,7,11,7.333333333333333,0,4.454545454545454,2,17.873333333333335,28.24066666666667,61.92666666666667,1.5946666666666667,1,2.0,23.35
3,,0.0,113.21220930232558,110.436,3.067987672711774,43.0,11.0,3,2,11,8.636363636363637,2,20,2,0,3,8,6.0,0,8.636363636363637,2,17.873333333333335,28.24066666666667,61.92666666666667,1.5946666666666667,1,2.0,23.15
11,,0.0,114.20197674418604,110.911,3.089195499281265,43.0,9.5,8,2,11,11.727272727272727,7,20,0,0,0,6,15.666666666666666,0,11.727272727272727,7,17.873333333333335,28.24066666666667,61.92666666666667,1.5946666666666667,1,1.0,25.6
18,,0.0,81.82553448275863,75.417,10.145771419255048,58.0,16.5,15,2,12,14.083333333333334,9,19,0,0,0,2,14.666666666666666,0,14.083333333333334,9,16.791866028708135,24.94114832535885,70.77511961722487,2.8215311004784693,1,4.0,21.25
9,,0.0,82.0560625,74.299,10.495691433283392,64.0,8.0,7,2,12,12.75,4,20,0,0,2,4,9.666666666666666,0,12.75,4,16.791866028708135,24.94114832535885,70.77511961722487,2.8215311004784693,1,5.0,506.66
15,,0.0,82.94767692307693,74.698,10.480312239068327,65.0,16.5,15,2,12,13.333333333333334,8,19,0,0,0,2,12.0,0,13.333333333333334,8,16.791866028708135,24.94114832535885,70.77511961722487,2.8215311004784693,1,5.0,499.52
17,,0.0,84.09297014925373,75.124,12.782425439653757,67.0,11.5,6,2,12,7.75,3,19,1,0,5,10,5.666666666666667,0,7.75,3,16.791866028708135,24.94114832535885,70.77511961722487,2.8215311004784693,1,7.0,370.45714285714286
5,,0.0,80.74103174603175,74.934,8.34721362041145,63.0,12.0,5,2,12,7.583333333333333,4,19,0,0,6,10,12.333333333333334,0,7.583333333333333,4,16.791866028708135,24.94114832535885,70.77511961722487,2.8215311004784693,1,5.0,504.52
6,,0.0,82.05918461538461,73.904,10.309669567468426,65.0,11.5,6,2,12,4.25,2,7,4,0,9,12,3.6666666666666665,0,4.25,2,16.791866028708135,24.94114832535885,70.77511961722487,2.8215311004784693,1,5.0,502.23999999999995
13,,0.0,83.47530303030302,74.82,10.727164591991816,66.0,14.5,13,2,0,10.0,10,10,0,0,0,0,10.0,0,10.0,10,16.791866028708135,24.94114832535885,70.77511961722487,2.8215311004784693,1,7.0,365.5714285714286
10,,0.0,81.04008064516128,74.57,8.805774328131507,62.0,6.5,3,2,12,11.833333333333334,3,20,1,0,1,6,15.666666666666666,0,11.833333333333334,3,16.791866028708135,24.94114832535885,70.77511961722487,2.8215311004784693,1,6.0,425.3999999999999
12,,0.0,82.30199999999999,74.472,10.075044805918722,64.0,13.0,12,2,12,14.833333333333334,7,20,0,0,0,1,15.0,0,14.833333333333334,7,16.791866028708135,24.94114832535885,70.77511961722487,2.8215311004784693,1,5.0,501.41999999999996
8,,0.0,81.47798412698414,74.468,9.999135305344293,63.0,14.0,8,2,12,12.916666666666666,7,19,0,0,0,3,11.0,0,12.916666666666666,7,16.791866028708135,24.94114832535885,70.77511961722487,2.8215311004784693,1,4.0,630.875
16,,0.0,82.23028124999999,76.253,9.544607626562744,64.0,14.5,13,2,12,12.75,10,18,0,0,0,3,13.666666666666666,0,12.75,10,16.791866028708135,24.94114832535885,70.77511961722487,2.8215311004784693,1,5.0,504.30000000000007
14,,0.0,81.88933333333333,75.489,8.937444222248688,63.0,13.0,12,2,12,15.583333333333334,10,19,0,0,0,2,17.0,0,15.583333333333334,10,16.791866028708135,24.94114832535885,70.77511961722487,2.8215311004784693,1,6.0,420.1166666666666
20,,0.0,92.50815384615386,77.399,14.171022315780856,13.0,14.0,8,2,12,16.416666666666668,11,20,0,0,0,0,15.333333333333334,0,16.416666666666668,11,16.791866028708135,24.94114832535885,70.77511961722487,2.8215311004784693,1,0.0,24.2
7,,0.0,82.46666153846154,74.39,11.005207523425169,65.0,8.0,7,2,12,10.083333333333334,2,17,2,0,3,7,3.6666666666666665,0,10.083333333333334,2,16.791866028708135,24.94114832535885,70.77511961722487,2.8215311004784693,1,6.0,427.7333333333333
3,,0.0,80.43207936507936,74.441,7.87122533868198,63.0,6.5,3,2,12,11.666666666666666,7,20,0,0,0,6,16.333333333333332,0,11.666666666666666,7,16.791866028708135,24.94114832535885,70.77511961722487,2.8215311004784693,1,5.0,507.35999999999996
1,,0.0,79.85698412698414,73.889,8.063916041173718,63.0,2.5,1,2,12,1.1666666666666667,1,2,12,10,12,12,1.0,0,1.1666666666666667,1,16.791866028708135,24.94114832535885,70.77511961722487,2.8215311004784693,1,6.0,430.2166666666667
2,,0.0,80.51019047619046,73.837,8.707949906610445,63.0,6.5,2,2,12,4.5,2,9,6,0,8,12,7.0,0,4.5,2,16.791866028708135,24.94114832535885,70.77511961722487,2.8215311004784693,1,5.0,508.34000000000003
19,,0.0,85.17252631578947,77.277,11.672487691349012,38.0,12.0,5,2,12,8.166666666666666,2,20,3,0,4,9,6.333333333333333,0,8.166666666666666,2,16.791866028708135,24.94114832535885,70.77511961722487,2.8215311004784693,1,2.0,29.9
11,,0.0,83.43998484848484,75.171,11.495763482514798,66.0,6.5,2,2,12,10.583333333333334,4,20,0,0,1,8,11.0,0,10.583333333333334,4,16.791866028708135,24.94114832535885,70.77511961722487,2.8215311004784693,1,7.0,363.6285714285714
4,,0.0,80.41298412698413,74.231,8.436129651667521,63.0,2.5,1,2,12,4.25,1,16,7,2,9,11,3.6666666666666665,0,4.25,1,16.791866028708135,24.94114832535885,70.77511961722487,2.8215311004784693,1,6.0,430.88333333333327
14,,0.0,88.13697959183675,85.983,4.218470746262777,49.0,12.0,10,2,13,14.384615384615385,9,19,0,0,0,2,15.666666666666666,0,14.384615384615385,9,29.330128205128204,42.92820512820513,42.32051282051282,1.13974358974359,0,2.0,25.1
10,,0.0,87.82273469387754,85.988,2.9185813532684435,49.0,12.0,10,2,13,13.461538461538462,8,19,0,0,0,2,13.0,0,13.461538461538462,8,29.330128205128204,42.92820512820513,42.32051282051282,1.13974358974359,0,1.0,24.6
5,,0.0,86.99663999999999,85.847,2.779357103463215,50.0,5.5,5,2,13,8.461538461538462,3,19,1,0,5,10,9.666666666666666,0,8.461538461538462,3,29.330128205128204,42.92820512820513,42.32051282051282,1.13974358974359,0,1.0,24.2
3,,0.0,86.90437999999999,85.501,3.027605155085788,50.0,3.5,3,2,13,7.384615384615385,4,19,0,0,7,11,10.666666666666666,0,7.384615384615385,4,29.330128205128204,42.92820512820513,42.32051282051282,1.13974358974359,0,1.0,25.1
6,,0.0,87.33622,85.582,2.9056472269969555,50.0,5.5,5,2,13,4.384615384615385,2,7,4,0,9,13,4.666666666666667,0,4.384615384615385,2,29.330128205128204,42.92820512820513,42.32051282051282,1.13974358974359,0,1.0,24.2
12,,0.0,88.01516326530611,85.072,4.89641518250401,49.0,10.0,8,2,13,12.461538461538462,4,20,0,0,2,5,11.333333333333334,0,12.461538461538462,4,29.330128205128204,42.92820512820513,42.32051282051282,1.13974358974359,0,2.0,27.9
19,,0.0,88.92952631578947,86.963,4.457695645988153,38.0,17.0,15,2,13,11.692307692307692,3,20,1,0,1,7,12.333333333333334,0,11.692307692307692,3,29.330128205128204,42.92820512820513,42.32051282051282,1.13974358974359,0,1.0,24.2
17,,0.0,88.3778775510204,85.894,4.291977092167883,49.0,17.5,17,2,13,14.615384615384615,7,20,0,0,0,1,14.666666666666666,0,14.615384615384615,7,29.330128205128204,42.92820512820513,42.32051282051282,1.13974358974359,0,2.0,25.15
7,,0.0,87.50928000000002,86.389,3.021774982100584,50.0,10.0,7,2,13,12.538461538461538,7,19,0,0,0,4,11.0,0,12.538461538461538,7,29.330128205128204,42.92820512820513,42.32051282051282,1.13974358974359,0,1.0,24.5
11,,0.0,87.98032653061225,85.842,4.132760157105231,49.0,15.5,11,2,1,13.0,13,13,0,0,0,0,13.0,0,13.0,13,29.330128205128204,42.92820512820513,42.32051282051282,1.13974358974359,0,2.0,24.2
18,,0.0,88.5163469387755,86.278,4.279090029584856,49.0,17.5,17,2,13,15.461538461538462,10,19,0,0,0,2,15.333333333333334,0,15.461538461538462,10,29.330128205128204,42.92820512820513,42.32051282051282,1.13974358974359,0,2.0,24.65
16,,0.0,88.1828775510204,86.617,3.246850214904779,49.0,12.5,9,2,13,10.615384615384615,4,20,0,0,1,8,10.0,0,10.615384615384615,4,29.330128205128204,42.92820512820513,42.32051282051282,1.13974358974359,0,1.0,25.6
4,,0.0,86.87530000000001,85.58,2.876101615033794,50.0,3.5,3,2,13,9.0,2,20,3,0,4,9,9.666666666666666,0,9.0,2,29.330128205128204,42.92820512820513,42.32051282051282,1.13974358974359,0,1.0,23.9
9,,0.0,87.48194000000001,86.105,2.9880919474009584,50.0,12.5,9,2,13,4.3076923076923075,2,9,7,0,9,13,5.333333333333333,0,4.3076923076923075,2,29.330128205128204,42.92820512820513,42.32051282051282,1.13974358974359,0,1.0,24.7
2,,0.0,86.74802000000001,85.522,2.791977687546069,50.0,1.5,1,2,13,4.230769230769231,1,16,7,2,10,12,3.0,0,4.230769230769231,1,29.330128205128204,42.92820512820513,42.32051282051282,1.13974358974359,0,1.0,23.8
15,,0.0,88.14004081632653,85.758,4.401396350208948,49.0,17.0,15,2,13,11.0,3,20,1,0,1,7,11.333333333333334,0,11.0,3,29.330128205128204,42.92820512820513,42.32051282051282,1.13974358974359,0,2.0,25.950000000000003
8,,0.0,87.50157999999999,86.144,2.825949839163708,50.0,10.0,8,2,13,9.846153846153847,2,17,2,0,3,8,5.333333333333333,0,9.846153846153847,2,29.330128205128204,42.92820512820513,42.32051282051282,1.13974358974359,0,1.0,23.7
13,,0.0,87.99677551020409,86.84,2.9864249688193656,49.0,10.0,7,2,13,16.692307692307693,11,20,0,0,0,0,18.333333333333332,0,16.692307692307693,11,29.330128205128204,42.92820512820513,42.32051282051282,1.13974358974359,0,1.0,24.7
1,,0.0,86.66475999999999,85.24,2.894425074631068,50.0,1.5,1,2,13,1.1538461538461537,1,2,13,11,13,13,1.0,0,1.1538461538461537,1,29.330128205128204,42.92820512820513,42.32051282051282,1.13974358974359,0,1.0,24.2
20,,0.0,92.27560714285713,89.708,5.673100919135008,0.0,15.5,11,2,13,13.0,10,18,0,0,0,3,13.666666666666666,0,13.0,10,29.330128205128204,42.92820512820513,42.32051282051282,1.13974358974359,0,0.0,24.2
13,,0.0,103.30913333333334,99.923,7.516960299975811,60.0,11.5,10,2,14,14.785714285714286,7,20,0,0,0,1,15.666666666666666,0,14.785714285714286,7,29.844318181818185,36.42215909090909,72.0284090909091,1.4159090909090908,0,1.0,35.4
18,,0.0,102.525125,99.93,7.749954111319894,40.0,12.0,6,2,14,12.214285714285714,3,20,1,0,1,7,12.333333333333334,0,12.214285714285714,3,29.844318181818185,36.42215909090909,72.0284090909091,1.4159090909090908,0,1.0,29.7
9,,0.0,103.00623333333333,99.028,7.732439559275785,60.0,14.0,9,2,2,12.0,11,13,0,0,0,0,12.0,0,12.0,11,29.844318181818185,36.42215909090909,72.0284090909091,1.4159090909090908,0,1.0,32.3
7,,0.0,102.65343333333334,98.492,7.862130606486152,60.0,4.5,2,2,14,12.428571428571429,4,20,0,0,2,5,13.666666666666666,0,12.428571428571429,4,29.844318181818185,36.42215909090909,72.0284090909091,1.4159090909090908,0,1.0,29.3
16,,0.0,101.89679661016947,96.273,9.987548780735668,59.0,9.5,3,2,14,8.214285714285714,3,19,1,0,6,11,9.333333333333334,0,8.214285714285714,3,29.844318181818185,36.42215909090909,72.0284090909091,1.4159090909090908,0,2.0,29.95
17,,0.0,104.2556530612245,98.075,9.287591164987786,49.0,14.5,12,2,14,13.214285714285714,8,19,0,0,0,3,12.333333333333334,0,13.214285714285714,8,29.844318181818185,36.42215909090909,72.0284090909091,1.4159090909090908,0,1.0,30.4
12,,0.0,103.49616666666668,99.316,7.699777487796767,60.0,14.5,12,2,14,14.357142857142858,9,19,0,0,0,2,15.0,0,14.357142857142858,9,29.844318181818185,36.42215909090909,72.0284090909091,1.4159090909090908,0,2.0,30.3
1,,0.0,100.92761016949152,97.666,6.200430174222756,59.0,2.5,1,2,14,7.071428571428571,3,19,1,0,8,12,9.0,0,7.071428571428571,3,29.844318181818185,36.42215909090909,72.0284090909091,1.4159090909090908,0,1.0,29.4
11,,0.0,102.21172881355932,97.342,6.750063853671179,59.0,12.5,11,2,14,12.142857142857142,7,19,0,0,0,5,9.666666666666666,0,12.142857142857142,7,29.844318181818185,36.42215909090909,72.0284090909091,1.4159090909090908,0,2.0,29.9
3,,0.0,101.86396666666666,95.867,9.910992878081313,60.0,9.5,3,2,14,4.5,2,7,4,0,9,14,5.333333333333333,0,4.5,2,29.844318181818185,36.42215909090909,72.0284090909091,1.4159090909090908,0,2.0,33.05
10,,0.0,102.24542372881356,98.107,7.219325415528053,59.0,11.5,10,2,14,15.642857142857142,10,19,0,0,0,2,15.666666666666666,0,15.642857142857142,10,29.844318181818185,36.42215909090909,72.0284090909091,1.4159090909090908,0,2.0,32.2
4,,0.0,102.15474999999998,98.275,8.688203942703003,60.0,2.5,1,2,14,8.642857142857142,2,20,3,0,5,10,8.666666666666666,0,8.642857142857142,2,29.844318181818185,36.42215909090909,72.0284090909091,1.4159090909090908,0,1.0,32.8
15,,0.0,103.3397,96.456,10.498195675964867,60.0,15.0,15,1,14,4.642857142857143,2,9,7,0,9,14,5.333333333333333,0,4.642857142857143,2,29.844318181818185,36.42215909090909,72.0284090909091,1.4159090909090908,0,2.0,41.650000000000006
8,,0.0,102.96203333333332,97.108,9.00560765031502,60.0,6.5,5,2,14,4.071428571428571,1,16,8,2,11,13,2.6666666666666665,0,4.071428571428571,1,29.844318181818185,36.42215909090909,72.0284090909091,1.4159090909090908,0,1.0,28.9
6,,0.0,102.60078333333334,98.277,8.075541300200435,60.0,12.0,6,2,14,11.285714285714286,3,20,1,0,1,7,9.666666666666666,0,11.285714285714286,3,29.844318181818185,36.42215909090909,72.0284090909091,1.4159090909090908,0,1.0,31.8
2,,0.0,101.84173333333332,98.046,8.803079362738172,60.0,4.5,2,2,14,9.714285714285714,2,17,2,0,3,9,7.333333333333333,0,9.714285714285714,2,29.844318181818185,36.42215909090909,72.0284090909091,1.4159090909090908,0,1.0,29.4
14,,0.0,102.13733898305084,98.531,8.620894554371493,59.0,12.5,11,2,14,16.428571428571427,11,20,0,0,0,0,16.666666666666668,0,16.428571428571427,11,29.844318181818185,36.42215909090909,72.0284090909091,1.4159090909090908,0,2.0,47.25
5,,0.0,102.2825,96.575,9.037947456161657,60.0,6.5,5,2,14,1.1428571428571428,1,2,14,12,14,14,1.0,0,1.1428571428571428,1,29.844318181818185,36.42215909090909,72.0284090909091,1.4159090909090908,0,1.0,29.6
19,,0.0,92.27560714285713,89.708,5.673100919135008,0.0,14.0,9,2,14,13.5,10,20,0,0,0,3,15.333333333333334,0,13.5,10,29.844318181818185,36.42215909090909,72.0284090909091,1.4159090909090908,0,0.0,24.2
13,,0.0,100.64952083333333,97.791,4.406800378281823,48.0,16.5,13,2,15,14.2,9,19,0,0,0,2,14.666666666666666,0,14.2,9,27.28860759493671,42.070253164556966,42.31645569620253,1.8297468354430382,0,3.0,29.7
14,,0.0,100.76360416666668,97.25,5.456339743195411,48.0,14.5,14,2,15,14.666666666666666,7,20,0,0,0,1,14.0,0,14.666666666666666,7,27.28860759493671,42.070253164556966,42.31645569620253,1.8297468354430382,0,3.0,23.46666666666667
9,,0.0,100.98322,97.398,7.221219223445667,50.0,9.5,9,2,15,12.6,3,20,1,0,1,7,15.666666666666666,0,12.6,3,27.28860759493671,42.070253164556966,42.31645569620253,1.8297468354430382,0,2.0,25.35
7,,0.0,99.72681632653062,97.653,3.975724444852103,49.0,6.0,5,2,15,8.733333333333333,3,19,1,0,6,11,12.666666666666666,0,8.733333333333333,3,27.28860759493671,42.070253164556966,42.31645569620253,1.8297468354430382,0,1.0,24.0
5,,0.0,99.56930612244898,95.611,4.908171202206589,49.0,6.0,5,2,15,4.4,2,7,5,0,10,15,5.0,0,4.4,2,27.28860759493671,42.070253164556966,42.31645569620253,1.8297468354430382,0,2.0,24.200000000000003
6,,0.0,99.60734693877552,96.187,4.749106084969309,49.0,5.0,4,2,15,6.666666666666667,1,19,2,1,9,13,3.0,0,6.666666666666667,1,27.28860759493671,42.070253164556966,42.31645569620253,1.8297468354430382,0,2.0,23.15
16,,0.0,103.49504545454546,99.185,10.39786084445703,22.0,16.5,16,2,15,12.066666666666666,7,19,0,0,0,5,8.666666666666666,0,12.066666666666666,7,27.28860759493671,42.070253164556966,42.31645569620253,1.8297468354430382,0,2.0,51.1
11,,0.0,100.65741666666668,98.267,4.4727781972079095,48.0,11.5,11,2,3,11.0,9,13,0,0,0,1,11.0,0,11.0,9,27.28860759493671,42.070253164556966,42.31645569620253,1.8297468354430382,0,2.0,23.35
12,,0.0,100.6656875,97.768,4.395262387327683,48.0,11.5,11,2,15,13.866666666666667,10,20,0,0,0,3,18.333333333333332,0,13.866666666666667,10,27.28860759493671,42.070253164556966,42.31645569620253,1.8297468354430382,0,2.0,23.1
8,,0.0,100.1031224489796,97.203,4.363408614225109,49.0,13.0,8,2,15,5.333333333333333,2,15,7,0,9,14,8.666666666666666,0,5.333333333333333,2,27.28860759493671,42.070253164556966,42.31645569620253,1.8297468354430382,0,2.0,24.1
18,,0.0,102.6396875,99.05,6.720928742554856,16.0,13.0,8,2,14,11.0,4,20,0,0,1,8,12.0,0,11.0,4,27.28860759493671,42.070253164556966,42.31645569620253,1.8297468354430382,0,1.0,23.4
4,,0.0,99.4892857142857,96.362,4.722853388048374,49.0,5.0,4,2,15,8.333333333333334,2,20,3,0,6,11,9.0,0,8.333333333333334,2,27.28860759493671,42.070253164556966,42.31645569620253,1.8297468354430382,0,2.0,23.0
19,,0.0,115.76381818181818,99.704,23.76739477022327,11.0,10.0,1,2,15,4.333333333333333,1,16,8,2,11,14,4.666666666666667,0,4.333333333333333,1,27.28860759493671,42.070253164556966,42.31645569620253,1.8297468354430382,0,4.0,647.575
10,,0.0,100.19297959183672,96.371,4.915219999695656,49.0,9.5,9,2,15,10.933333333333334,3,20,1,0,1,8,8.0,0,10.933333333333334,3,27.28860759493671,42.070253164556966,42.31645569620253,1.8297468354430382,0,2.0,24.5
2,,0.0,99.0094081632653,95.247,5.476358579226283,49.0,2.5,2,2,15,9.2,2,17,3,0,4,10,5.666666666666667,0,9.2,2,27.28860759493671,42.070253164556966,42.31645569620253,1.8297468354430382,0,2.0,23.3
17,,0.0,106.33972222222224,98.848,12.479800530106314,18.0,16.5,16,2,15,16.266666666666666,11,20,0,0,0,0,15.666666666666666,0,16.266666666666666,11,27.28860759493671,42.070253164556966,42.31645569620253,1.8297468354430382,0,3.0,37.199999999999996
1,,0.0,98.62916326530612,94.183,5.1428169135331325,49.0,10.0,1,2,15,1.4,1,5,14,12,15,15,2.3333333333333335,0,1.4,1,27.28860759493671,42.070253164556966,42.31645569620253,1.8297468354430382,0,2.0,23.950000000000003
20,,0.0,141.48316666666665,106.852,22.988253238701425,6.0,16.5,13,2,15,13.466666666666667,8,19,0,0,0,3,14.0,0,13.466666666666667,8,27.28860759493671,42.070253164556966,42.31645569620253,1.8297468354430382,0,2.0,54.65
15,,0.0,101.152625,97.842,7.03270198861279,48.0,14.5,14,2,15,15.266666666666667,10,19,0,0,0,3,14.0,0,15.266666666666667,10,27.28860759493671,42.070253164556966,42.31645569620253,1.8297468354430382,0,2.0,23.8
3,,0.0,99.34602040816328,96.328,5.807051150289176,49.0,2.5,2,2,15,12.066666666666666,4,20,0,0,2,6,9.333333333333334,0,12.066666666666666,4,27.28860759493671,42.070253164556966,42.31645569620253,1.8297468354430382,0,2.0,23.75
