session_key,meeting_key,driver_number,qualifying_position,date
7768,1141,14,5,2023-03-04T15:00:00+00:00
7768,1141,1,1,2023-03-04T15:00:00+00:00
7768,1141,11,2,2023-03-04T15:00:00+00:00
7768,1141,44,7,2023-03-04T15:00:00+00:00
7768,1141,16,3,2023-03-04T15:00:00+00:00
7768,1141,63,6,2023-03-04T15:00:00+00:00
7768,1141,18,8,2023-03-04T15:00:00+00:00
7768,1141,55,4,2023-03-04T15:00:00+00:00
7768,1141,81,18,2023-03-04T15:00:00+00:00
7768,1141,10,20,2023-03-04T15:00:00+00:00
7768,1141,31,9,2023-03-04T15:00:00+00:00
7768,1141,24,13,2023-03-04T15:00:00+00:00
7768,1141,4,11,2023-03-04T15:00:00+00:00
7768,1141,20,17,2023-03-04T15:00:00+00:00
7768,1141,27,10,2023-03-04T15:00:00+00:00
7768,1141,22,14,2023-03-04T15:00:00+00:00
7768,1141,77,12,2023-03-04T15:00:00+00:00
7768,1141,2,16,2023-03-04T15:00:00+00:00
7768,1141,23,15,2023-03-04T15:00:00+00:00
7768,1141,21,19,2023-03-04T15:00:00+00:00
7775,1142,1,15,2023-03-18T17:00:00+00:00
7775,1142,11,1,2023-03-18T17:00:00+00:00
7775,1142,14,3,2023-03-18T17:00:00+00:00
7775,1142,18,6,2023-03-18T17:00:00+00:00
7775,1142,44,8,2023-03-18T17:00:00+00:00
7775,1142,16,2,2023-03-18T17:00:00+00:00
7775,1142,4,19,2023-03-18T17:00:00+00:00
7775,1142,81,9,2023-03-18T17:00:00+00:00
7775,1142,10,10,2023-03-18T17:00:00+00:00
7775,1142,55,5,2023-03-18T17:00:00+00:00
7775,1142,63,4,2023-03-18T17:00:00+00:00
7775,1142,24,12,2023-03-18T17:00:00+00:00
7775,1142,27,11,2023-03-18T17:00:00+00:00
7775,1142,31,7,2023-03-18T17:00:00+00:00
7775,1142,23,17,2023-03-18T17:00:00+00:00
7775,1142,2,20,2023-03-18T17:00:00+00:00
7775,1142,20,13,2023-03-18T17:00:00+00:00
7775,1142,77,14,2023-03-18T17:00:00+00:00
7775,1142,22,16,2023-03-18T17:00:00+00:00
7775,1142,21,18,2023-03-18T17:00:00+00:00
7783,1143,1,1,2023-04-01T05:00:00+00:00
7783,1143,14,4,2023-04-01T05:00:00+00:00
7783,1143,31,11,2023-04-01T05:00:00+00:00
7783,1143,63,2,2023-04-01T05:00:00+00:00
7783,1143,10,9,2023-04-01T05:00:00+00:00
7783,1143,11,20,2023-04-01T05:00:00+00:00
7783,1143,55,5,2023-04-01T05:00:00+00:00
7783,1143,44,3,2023-04-01T05:00:00+00:00
7783,1143,18,6,2023-04-01T05:00:00+00:00
7783,1143,24,17,2023-04-01T05:00:00+00:00
7783,1143,27,10,2023-04-01T05:00:00+00:00
7783,1143,23,8,2023-04-01T05:00:00+00:00
7783,1143,16,7,2023-04-01T05:00:00+00:00
7783,1143,81,16,2023-04-01T05:00:00+00:00
7783,1143,77,19,2023-04-01T05:00:00+00:00
7783,1143,22,12,2023-04-01T05:00:00+00:00
7783,1143,2,18,2023-04-01T05:00:00+00:00
7783,1143,20,14,2023-04-01T05:00:00+00:00
7783,1143,21,15,2023-04-01T05:00:00+00:00
7783,1143,4,13,2023-04-01T05:00:00+00:00
9064,1207,1,2,2023-04-28T13:00:00+00:00
9064,1207,16,1,2023-04-28T13:00:00+00:00
9064,1207,11,3,2023-04-28T13:00:00+00:00
9064,1207,55,4,2023-04-28T13:00:00+00:00
9064,1207,4,7,2023-04-28T13:00:00+00:00
9064,1207,21,20,2023-04-28T13:00:00+00:00
9064,1207,18,9,2023-04-28T13:00:00+00:00
9064,1207,14,6,2023-04-28T13:00:00+00:00
9064,1207,23,13,2023-04-28T13:00:00+00:00
9064,1207,24,16,2023-04-28T13:00:00+00:00
9064,1207,44,5,2023-04-28T13:00:00+00:00
9064,1207,81,10,2023-04-28T13:00:00+00:00
9064,1207,77,14,2023-04-28T13:00:00+00:00
9064,1207,22,8,2023-04-28T13:00:00+00:00
9064,1207,27,17,2023-04-28T13:00:00+00:00
9064,1207,2,15,2023-04-28T13:00:00+00:00
9064,1207,63,11,2023-04-28T13:00:00+00:00
9064,1207,31,12,2023-04-28T13:00:00+00:00
9064,1207,10,19,2023-04-28T13:00:00+00:00
9064,1207,20,18,2023-04-28T13:00:00+00:00
9278,1207,1,3,2023-04-29T08:30:00+00:00
9278,1207,16,1,2023-04-29T08:30:00+00:00
9278,1207,11,2,2023-04-29T08:30:00+00:00
9278,1207,55,5,2023-04-29T08:30:00+00:00
9278,1207,4,10,2023-04-29T08:30:00+00:00
9278,1207,21,20,2023-04-29T08:30:00+00:00
9278,1207,18,9,2023-04-29T08:30:00+00:00
9278,1207,14,8,2023-04-29T08:30:00+00:00
9278,1207,23,7,2023-04-29T08:30:00+00:00
9278,1207,24,16,2023-04-29T08:30:00+00:00
9278,1207,44,6,2023-04-29T08:30:00+00:00
9278,1207,81,11,2023-04-29T08:30:00+00:00
9278,1207,77,17,2023-04-29T08:30:00+00:00
9278,1207,22,18,2023-04-29T08:30:00+00:00
9278,1207,27,12,2023-04-29T08:30:00+00:00
9278,1207,2,15,2023-04-29T08:30:00+00:00
9278,1207,63,4,2023-04-29T08:30:00+00:00
9278,1207,31,13,2023-04-29T08:30:00+00:00
9278,1207,10,19,2023-04-29T08:30:00+00:00
9278,1207,20,14,2023-04-29T08:30:00+00:00
9074,1208,1,9,2023-05-06T20:00:00+00:00
9074,1208,16,7,2023-05-06T20:00:00+00:00
9074,1208,11,1,2023-05-06T20:00:00+00:00
9074,1208,55,3,2023-05-06T20:00:00+00:00
9074,1208,31,8,2023-05-06T20:00:00+00:00
9074,1208,10,5,2023-05-06T20:00:00+00:00
9074,1208,77,10,2023-05-06T20:00:00+00:00
9074,1208,27,12,2023-05-06T20:00:00+00:00
9074,1208,23,11,2023-05-06T20:00:00+00:00
9074,1208,63,6,2023-05-06T20:00:00+00:00
9074,1208,20,4,2023-05-06T20:00:00+00:00
9074,1208,14,2,2023-05-06T20:00:00+00:00
9074,1208,44,13,2023-05-06T20:00:00+00:00
9074,1208,18,18,2023-05-06T20:00:00+00:00
9074,1208,24,14,2023-05-06T20:00:00+00:00
9074,1208,22,17,2023-05-06T20:00:00+00:00
9074,1208,2,20,2023-05-06T20:00:00+00:00
9074,1208,81,19,2023-05-06T20:00:00+00:00
9074,1208,4,16,2023-05-06T20:00:00+00:00
9074,1208,21,15,2023-05-06T20:00:00+00:00
9090,1210,1,1,2023-05-27T14:00:00+00:00
9090,1210,11,20,2023-05-27T14:00:00+00:00
9090,1210,18,14,2023-05-27T14:00:00+00:00
9090,1210,55,5,2023-05-27T14:00:00+00:00
9090,1210,4,10,2023-05-27T14:00:00+00:00
9090,1210,10,7,2023-05-27T14:00:00+00:00
9090,1210,16,3,2023-05-27T14:00:00+00:00
9090,1210,44,6,2023-05-27T14:00:00+00:00
9090,1210,31,4,2023-05-27T14:00:00+00:00
9090,1210,77,15,2023-05-27T14:00:00+00:00
9090,1210,63,8,2023-05-27T14:00:00+00:00
9090,1210,20,17,2023-05-27T14:00:00+00:00
9090,1210,27,18,2023-05-27T14:00:00+00:00
9090,1210,14,2,2023-05-27T14:00:00+00:00
9090,1210,22,9,2023-05-27T14:00:00+00:00
9090,1210,24,19,2023-05-27T14:00:00+00:00
9090,1210,2,16,2023-05-27T14:00:00+00:00
9090,1210,23,13,2023-05-27T14:00:00+00:00
9090,1210,81,11,2023-05-27T14:00:00+00:00
9090,1210,21,12,2023-05-27T14:00:00+00:00
9098,1211,1,1,2023-06-03T14:00:00+00:00
9098,1211,11,11,2023-06-03T14:00:00+00:00
9098,1211,44,5,2023-06-03T14:00:00+00:00
9098,1211,55,2,2023-06-03T14:00:00+00:00
9098,1211,14,9,2023-06-03T14:00:00+00:00
9098,1211,63,12,2023-06-03T14:00:00+00:00
9098,1211,16,19,2023-06-03T14:00:00+00:00
9098,1211,77,16,2023-06-03T14:00:00+00:00
9098,1211,22,15,2023-06-03T14:00:00+00:00
9098,1211,4,3,2023-06-03T14:00:00+00:00
9098,1211,24,13,2023-06-03T14:00:00+00:00
9098,1211,21,14,2023-06-03T14:00:00+00:00
9098,1211,18,6,2023-06-03T14:00:00+00:00
9098,1211,27,8,2023-06-03T14:00:00+00:00
9098,1211,81,10,2023-06-03T14:00:00+00:00
9098,1211,31,7,2023-06-03T14:00:00+00:00
9098,1211,20,17,2023-06-03T14:00:00+00:00
9098,1211,10,4,2023-06-03T14:00:00+00:00
9098,1211,23,18,2023-06-03T14:00:00+00:00
9098,1211,2,20,2023-06-03T14:00:00+00:00
9106,1212,1,1,2023-06-17T20:00:00+00:00
9106,1212,16,11,2023-06-17T20:00:00+00:00
9106,1212,14,3,2023-06-17T20:00:00+00:00
9106,1212,20,14,2023-06-17T20:00:00+00:00
9106,1212,55,8,2023-06-17T20:00:00+00:00
9106,1212,10,17,2023-06-17T20:00:00+00:00
9106,1212,18,13,2023-06-17T20:00:00+00:00
9106,1212,22,16,2023-06-17T20:00:00+00:00
9106,1212,77,15,2023-06-17T20:00:00+00:00
9106,1212,44,4,2023-06-17T20:00:00+00:00
9106,1212,27,2,2023-06-17T20:00:00+00:00
9106,1212,81,9,2023-06-17T20:00:00+00:00
9106,1212,4,7,2023-06-17T20:00:00+00:00
9106,1212,23,10,2023-06-17T20:00:00+00:00
9106,1212,63,5,2023-06-17T20:00:00+00:00
9106,1212,21,18,2023-06-17T20:00:00+00:00
9106,1212,11,12,2023-06-17T20:00:00+00:00
9106,1212,24,20,2023-06-17T20:00:00+00:00
9106,1212,31,6,2023-06-17T20:00:00+00:00
9106,1212,2,19,2023-06-17T20:00:00+00:00
9112,1213,1,1,2023-06-30T15:00:00+00:00
9112,1213,55,3,2023-06-30T15:00:00+00:00
9112,1213,16,2,2023-06-30T15:00:00+00:00
9112,1213,44,5,2023-06-30T15:00:00+00:00
9112,1213,11,15,2023-06-30T15:00:00+00:00
9112,1213,18,6,2023-06-30T15:00:00+00:00
9112,1213,20,19,2023-06-30T15:00:00+00:00
9112,1213,14,7,2023-06-30T15:00:00+00:00
9112,1213,63,11,2023-06-30T15:00:00+00:00
9112,1213,24,17,2023-06-30T15:00:00+00:00
9112,1213,23,10,2023-06-30T15:00:00+00:00
9112,1213,81,13,2023-06-30T15:00:00+00:00
9112,1213,27,8,2023-06-30T15:00:00+00:00
9112,1213,77,14,2023-06-30T15:00:00+00:00
9112,1213,22,16,2023-06-30T15:00:00+00:00
9112,1213,21,20,2023-06-30T15:00:00+00:00
9112,1213,2,18,2023-06-30T15:00:00+00:00
9112,1213,31,12,2023-06-30T15:00:00+00:00
9112,1213,10,9,2023-06-30T15:00:00+00:00
9112,1213,4,4,2023-06-30T15:00:00+00:00
9282,1213,1,1,2023-07-01T10:00:00+00:00
9282,1213,55,5,2023-07-01T10:00:00+00:00
9282,1213,16,6,2023-07-01T10:00:00+00:00
9282,1213,44,18,2023-07-01T10:00:00+00:00
9282,1213,11,2,2023-07-01T10:00:00+00:00
9282,1213,18,8,2023-07-01T10:00:00+00:00
9282,1213,20,10,2023-07-01T10:00:00+00:00
9282,1213,14,7,2023-07-01T10:00:00+00:00
9282,1213,63,15,2023-07-01T10:00:00+00:00
9282,1213,24,16,2023-07-01T10:00:00+00:00
9282,1213,23,11,2023-07-01T10:00:00+00:00
9282,1213,81,17,2023-07-01T10:00:00+00:00
9282,1213,27,4,2023-07-01T10:00:00+00:00
9282,1213,77,19,2023-07-01T10:00:00+00:00
9282,1213,22,13,2023-07-01T10:00:00+00:00
9282,1213,21,14,2023-07-01T10:00:00+00:00
9282,1213,2,20,2023-07-01T10:00:00+00:00
9282,1213,31,9,2023-07-01T10:00:00+00:00
9282,1213,10,12,2023-07-01T10:00:00+00:00
9282,1213,4,3,2023-07-01T10:00:00+00:00
9122,1214,16,4,2023-07-08T14:00:00+00:00
9122,1214,23,8,2023-07-08T14:00:00+00:00
9122,1214,14,9,2023-07-08T14:00:00+00:00
9122,1214,10,10,2023-07-08T14:00:00+00:00
9122,1214,44,7,2023-07-08T14:00:00+00:00
9122,1214,55,5,2023-07-08T14:00:00+00:00
9122,1214,2,14,2023-07-08T14:00:00+00:00
9122,1214,1,1,2023-07-08T14:00:00+00:00
9122,1214,63,6,2023-07-08T14:00:00+00:00
9122,1214,22,17,2023-07-08T14:00:00+00:00
9122,1214,21,19,2023-07-08T14:00:00+00:00
9122,1214,4,2,2023-07-08T14:00:00+00:00
9122,1214,18,12,2023-07-08T14:00:00+00:00
9122,1214,11,16,2023-07-08T14:00:00+00:00
9122,1214,20,20,2023-07-08T14:00:00+00:00
9122,1214,31,13,2023-07-08T14:00:00+00:00
9122,1214,81,3,2023-07-08T14:00:00+00:00
9122,1214,77,15,2023-07-08T14:00:00+00:00
9122,1214,27,11,2023-07-08T14:00:00+00:00
9122,1214,24,18,2023-07-08T14:00:00+00:00
9129,1215,44,1,2023-07-22T14:00:00+00:00
9129,1215,1,2,2023-07-22T14:00:00+00:00
9129,1215,11,9,2023-07-22T14:00:00+00:00
9129,1215,27,10,2023-07-22T14:00:00+00:00
9129,1215,4,3,2023-07-22T14:00:00+00:00
9129,1215,63,18,2023-07-22T14:00:00+00:00
9129,1215,16,6,2023-07-22T14:00:00+00:00
9129,1215,55,11,2023-07-22T14:00:00+00:00
9129,1215,14,8,2023-07-22T14:00:00+00:00
9129,1215,77,7,2023-07-22T14:00:00+00:00
9129,1215,18,14,2023-07-22T14:00:00+00:00
9129,1215,24,5,2023-07-22T14:00:00+00:00
9129,1215,23,16,2023-07-22T14:00:00+00:00
9129,1215,81,4,2023-07-22T14:00:00+00:00
9129,1215,20,19,2023-07-22T14:00:00+00:00
9129,1215,10,15,2023-07-22T14:00:00+00:00
9129,1215,2,20,2023-07-22T14:00:00+00:00
9129,1215,3,13,2023-07-22T14:00:00+00:00
9129,1215,31,12,2023-07-22T14:00:00+00:00
9129,1215,22,17,2023-07-22T14:00:00+00:00
9135,1216,55,5,2023-07-28T15:00:00+00:00
9135,1216,81,6,2023-07-28T15:00:00+00:00
9135,1216,4,7,2023-07-28T15:00:00+00:00
9135,1216,16,2,2023-07-28T15:00:00+00:00
9135,1216,11,3,2023-07-28T15:00:00+00:00
9135,1216,23,16,2023-07-28T15:00:00+00:00
9135,1216,22,11,2023-07-28T15:00:00+00:00
9135,1216,20,13,2023-07-28T15:00:00+00:00
9135,1216,3,19,2023-07-28T15:00:00+00:00
9135,1216,27,20,2023-07-28T15:00:00+00:00
9135,1216,14,9,2023-07-28T15:00:00+00:00
9135,1216,44,4,2023-07-28T15:00:00+00:00
9135,1216,63,8,2023-07-28T15:00:00+00:00
9135,1216,77,14,2023-07-28T15:00:00+00:00
9135,1216,24,17,2023-07-28T15:00:00+00:00
9135,1216,2,18,2023-07-28T15:00:00+00:00
9135,1216,18,10,2023-07-28T15:00:00+00:00
9135,1216,10,12,2023-07-28T15:00:00+00:00
9135,1216,31,15,2023-07-28T15:00:00+00:00
9135,1216,1,1,2023-07-28T15:00:00+00:00
9286,1216,55,3,2023-07-29T10:00:00+00:00
9286,1216,81,2,2023-07-29T10:00:00+00:00
9286,1216,4,5,2023-07-29T10:00:00+00:00
9286,1216,16,4,2023-07-29T10:00:00+00:00
9286,1216,11,8,2023-07-29T10:00:00+00:00
9286,1216,23,12,2023-07-29T10:00:00+00:00
9286,1216,22,16,2023-07-29T10:00:00+00:00
9286,1216,20,18,2023-07-29T10:00:00+00:00
9286,1216,3,11,2023-07-29T10:00:00+00:00
9286,1216,27,20,2023-07-29T10:00:00+00:00
9286,1216,14,15,2023-07-29T10:00:00+00:00
9286,1216,44,7,2023-07-29T10:00:00+00:00
9286,1216,63,10,2023-07-29T10:00:00+00:00
9286,1216,77,17,2023-07-29T10:00:00+00:00
9286,1216,24,19,2023-07-29T10:00:00+00:00
9286,1216,2,13,2023-07-29T10:00:00+00:00
9286,1216,18,14,2023-07-29T10:00:00+00:00
9286,1216,10,6,2023-07-29T10:00:00+00:00
9286,1216,31,9,2023-07-29T10:00:00+00:00
9286,1216,1,1,2023-07-29T10:00:00+00:00
9145,1217,1,1,2023-08-26T13:00:00+00:00
9145,1217,63,3,2023-08-26T13:00:00+00:00
9145,1217,11,7,2023-08-26T13:00:00+00:00
9145,1217,14,5,2023-08-26T13:00:00+00:00
9145,1217,44,13,2023-08-26T13:00:00+00:00
9145,1217,23,4,2023-08-26T13:00:00+00:00
9145,1217,81,8,2023-08-26T13:00:00+00:00
9145,1217,77,19,2023-08-26T13:00:00+00:00
9145,1217,16,9,2023-08-26T13:00:00+00:00
9145,1217,4,2,2023-08-26T13:00:00+00:00
9145,1217,10,12,2023-08-26T13:00:00+00:00
9145,1217,55,6,2023-08-26T13:00:00+00:00
9145,1217,22,14,2023-08-26T13:00:00+00:00
9145,1217,2,10,2023-08-26T13:00:00+00:00
9145,1217,27,15,2023-08-26T13:00:00+00:00
9145,1217,31,17,2023-08-26T13:00:00+00:00
9145,1217,18,11,2023-08-26T13:00:00+00:00
9145,1217,40,20,2023-08-26T13:00:00+00:00
9145,1217,24,16,2023-08-26T13:00:00+00:00
9145,1217,20,18,2023-08-26T13:00:00+00:00
9153,1218,55,1,2023-09-02T14:00:00+00:00
9153,1218,1,2,2023-09-02T14:00:00+00:00
9153,1218,44,8,2023-09-02T14:00:00+00:00
9153,1218,16,3,2023-09-02T14:00:00+00:00
9153,1218,14,10,2023-09-02T14:00:00+00:00
9153,1218,63,4,2023-09-02T14:00:00+00:00
9153,1218,20,19,2023-09-02T14:00:00+00:00
9153,1218,27,13,2023-09-02T14:00:00+00:00
9153,1218,23,6,2023-09-02T14:00:00+00:00
9153,1218,11,5,2023-09-02T14:00:00+00:00
9153,1218,18,20,2023-09-02T14:00:00+00:00
9153,1218,40,12,2023-09-02T14:00:00+00:00
9153,1218,22,11,2023-09-02T14:00:00+00:00
9153,1218,81,7,2023-09-02T14:00:00+00:00
9153,1218,2,15,2023-09-02T14:00:00+00:00
9153,1218,77,14,2023-09-02T14:00:00+00:00
9153,1218,4,9,2023-09-02T14:00:00+00:00
9153,1218,31,18,2023-09-02T14:00:00+00:00
9153,1218,24,16,2023-09-02T14:00:00+00:00
9153,1218,10,17,2023-09-02T14:00:00+00:00
9161,1219,55,1,2023-09-16T13:00:00+00:00
9161,1219,63,2,2023-09-16T13:00:00+00:00
9161,1219,4,4,2023-09-16T13:00:00+00:00
9161,1219,1,11,2023-09-16T13:00:00+00:00
9161,1219,16,3,2023-09-16T13:00:00+00:00
9161,1219,44,5,2023-09-16T13:00:00+00:00
9161,1219,81,17,2023-09-16T13:00:00+00:00
9161,1219,11,13,2023-09-16T13:00:00+00:00
9161,1219,27,9,2023-09-16T13:00:00+00:00
9161,1219,22,15,2023-09-16T13:00:00+00:00
9161,1219,20,6,2023-09-16T13:00:00+00:00
9161,1219,31,8,2023-09-16T13:00:00+00:00
9161,1219,14,7,2023-09-16T13:00:00+00:00
9161,1219,18,20,2023-09-16T13:00:00+00:00
9161,1219,10,12,2023-09-16T13:00:00+00:00
9161,1219,40,10,2023-09-16T13:00:00+00:00
9161,1219,23,14,2023-09-16T13:00:00+00:00
9161,1219,77,16,2023-09-16T13:00:00+00:00
9161,1219,24,19,2023-09-16T13:00:00+00:00
9161,1219,2,18,2023-09-16T13:00:00+00:00
9169,1220,1,1,2023-09-23T06:00:00+00:00
9169,1220,4,3,2023-09-23T06:00:00+00:00
9169,1220,81,2,2023-09-23T06:00:00+00:00
9169,1220,11,5,2023-09-23T06:00:00+00:00
9169,1220,16,4,2023-09-23T06:00:00+00:00
9169,1220,55,6,2023-09-23T06:00:00+00:00
9169,1220,44,7,2023-09-23T06:00:00+00:00
9169,1220,63,8,2023-09-23T06:00:00+00:00
9169,1220,14,10,2023-09-23T06:00:00+00:00
9169,1220,24,19,2023-09-23T06:00:00+00:00
9169,1220,77,16,2023-09-23T06:00:00+00:00
9169,1220,20,15,2023-09-23T06:00:00+00:00
9169,1220,31,14,2023-09-23T06:00:00+00:00
9169,1220,22,9,2023-09-23T06:00:00+00:00
9169,1220,27,18,2023-09-23T06:00:00+00:00
9169,1220,2,20,2023-09-23T06:00:00+00:00
9169,1220,40,11,2023-09-23T06:00:00+00:00
9169,1220,23,13,2023-09-23T06:00:00+00:00
9169,1220,18,17,2023-09-23T06:00:00+00:00
9169,1220,10,12,2023-09-23T06:00:00+00:00
9215,1221,1,1,2023-10-06T17:00:00+00:00
9215,1221,55,12,2023-10-06T17:00:00+00:00
9215,1221,16,6,2023-10-06T17:00:00+00:00
9215,1221,14,5,2023-10-06T17:00:00+00:00
9215,1221,11,13,2023-10-06T17:00:00+00:00
9215,1221,22,11,2023-10-06T17:00:00+00:00
9215,1221,27,15,2023-10-06T17:00:00+00:00
9215,1221,63,2,2023-10-06T17:00:00+00:00
9215,1221,81,3,2023-10-06T17:00:00+00:00
9215,1221,4,10,2023-10-06T17:00:00+00:00
9215,1221,2,16,2023-10-06T17:00:00+00:00
9215,1221,23,14,2023-10-06T17:00:00+00:00
9215,1221,44,4,2023-10-06T17:00:00+00:00
9215,1221,18,17,2023-10-06T17:00:00+00:00
9215,1221,31,8,2023-10-06T17:00:00+00:00
9215,1221,10,7,2023-10-06T17:00:00+00:00
9215,1221,77,9,2023-10-06T17:00:00+00:00
9215,1221,24,20,2023-10-06T17:00:00+00:00
9215,1221,40,18,2023-10-06T17:00:00+00:00
9215,1221,20,19,2023-10-06T17:00:00+00:00
9298,1221,16,6,2023-10-07T13:20:00+00:00
9298,1221,55,5,2023-10-07T13:20:00+00:00
9298,1221,11,8,2023-10-07T13:20:00+00:00
9298,1221,27,7,2023-10-07T13:20:00+00:00
9298,1221,63,4,2023-10-07T13:20:00+00:00
9298,1221,81,1,2023-10-07T13:20:00+00:00
9298,1221,4,2,2023-10-07T13:20:00+00:00
9298,1221,2,20,2023-10-07T13:20:00+00:00
9298,1221,44,12,2023-10-07T13:20:00+00:00
9298,1221,18,16,2023-10-07T13:20:00+00:00
9298,1221,31,10,2023-10-07T13:20:00+00:00
9298,1221,10,11,2023-10-07T13:20:00+00:00
9298,1221,1,3,2023-10-07T13:20:00+00:00
9298,1221,22,18,2023-10-07T13:20:00+00:00
9298,1221,40,14,2023-10-07T13:20:00+00:00
9298,1221,14,9,2023-10-07T13:20:00+00:00
9298,1221,23,17,2023-10-07T13:20:00+00:00
9298,1221,77,13,2023-10-07T13:20:00+00:00
9298,1221,24,15,2023-10-07T13:20:00+00:00
9298,1221,20,19,2023-10-07T13:20:00+00:00
9207,1222,1,6,2023-10-20T21:00:00+00:00
9207,1222,16,1,2023-10-20T21:00:00+00:00
9207,1222,44,3,2023-10-20T21:00:00+00:00
9207,1222,11,9,2023-10-20T21:00:00+00:00
9207,1222,20,14,2023-10-20T21:00:00+00:00
9207,1222,63,5,2023-10-20T21:00:00+00:00
9207,1222,23,18,2023-10-20T21:00:00+00:00
9207,1222,55,4,2023-10-20T21:00:00+00:00
9207,1222,27,16,2023-10-20T21:00:00+00:00
9207,1222,10,7,2023-10-20T21:00:00+00:00
9207,1222,2,20,2023-10-20T21:00:00+00:00
9207,1222,31,8,2023-10-20T21:00:00+00:00
9207,1222,22,11,2023-10-20T21:00:00+00:00
9207,1222,3,15,2023-10-20T21:00:00+00:00
9207,1222,4,2,2023-10-20T21:00:00+00:00
9207,1222,24,12,2023-10-20T21:00:00+00:00
9207,1222,77,13,2023-10-20T21:00:00+00:00
9207,1222,14,17,2023-10-20T21:00:00+00:00
9207,1222,81,10,2023-10-20T21:00:00+00:00
9207,1222,18,19,2023-10-20T21:00:00+00:00
9294,1222,1,1,2023-10-21T17:30:00+00:00
9294,1222,16,2,2023-10-21T17:30:00+00:00
9294,1222,44,3,2023-10-21T17:30:00+00:00
9294,1222,11,7,2023-10-21T17:30:00+00:00
9294,1222,20,17,2023-10-21T17:30:00+00:00
9294,1222,63,8,2023-10-21T17:30:00+00:00
9294,1222,23,9,2023-10-21T17:30:00+00:00
9294,1222,55,6,2023-10-21T17:30:00+00:00
9294,1222,27,16,2023-10-21T17:30:00+00:00
9294,1222,10,10,2023-10-21T17:30:00+00:00
9294,1222,2,20,2023-10-21T17:30:00+00:00
9294,1222,31,13,2023-10-21T17:30:00+00:00
9294,1222,22,19,2023-10-21T17:30:00+00:00
9294,1222,3,11,2023-10-21T17:30:00+00:00
9294,1222,4,4,2023-10-21T17:30:00+00:00
9294,1222,24,15,2023-10-21T17:30:00+00:00
9294,1222,77,18,2023-10-21T17:30:00+00:00
9294,1222,14,12,2023-10-21T17:30:00+00:00
9294,1222,81,5,2023-10-21T17:30:00+00:00
9294,1222,18,14,2023-10-21T17:30:00+00:00
9177,1223,1,3,2023-10-28T21:00:00+00:00
9177,1223,23,14,2023-10-28T21:00:00+00:00
9177,1223,11,5,2023-10-28T21:00:00+00:00
9177,1223,63,8,2023-10-28T21:00:00+00:00
9177,1223,81,7,2023-10-28T21:00:00+00:00
9177,1223,77,9,2023-10-28T21:00:00+00:00
9177,1223,22,15,2023-10-28T21:00:00+00:00
9177,1223,4,19,2023-10-28T21:00:00+00:00
9177,1223,3,4,2023-10-28T21:00:00+00:00
9177,1223,44,6,2023-10-28T21:00:00+00:00
9177,1223,2,20,2023-10-28T21:00:00+00:00
9177,1223,24,10,2023-10-28T21:00:00+00:00
9177,1223,16,1,2023-10-28T21:00:00+00:00
9177,1223,18,18,2023-10-28T21:00:00+00:00
9177,1223,55,2,2023-10-28T21:00:00+00:00
9177,1223,27,12,2023-10-28T21:00:00+00:00
9177,1223,14,13,2023-10-28T21:00:00+00:00
9177,1223,10,11,2023-10-28T21:00:00+00:00
9177,1223,20,17,2023-10-28T21:00:00+00:00
9177,1223,31,16,2023-10-28T21:00:00+00:00
9304,1224,55,8,2023-11-03T18:00:00+00:00
9304,1224,16,2,2023-11-03T18:00:00+00:00
9304,1224,63,6,2023-11-03T18:00:00+00:00
9304,1224,27,11,2023-11-03T18:00:00+00:00
9304,1224,23,15,2023-11-03T18:00:00+00:00
9304,1224,18,3,2023-11-03T18:00:00+00:00
9304,1224,10,13,2023-11-03T18:00:00+00:00
9304,1224,24,20,2023-11-03T18:00:00+00:00
9304,1224,2,19,2023-11-03T18:00:00+00:00
9304,1224,20,14,2023-11-03T18:00:00+00:00
9304,1224,14,4,2023-11-03T18:00:00+00:00
9304,1224,44,5,2023-11-03T18:00:00+00:00
9304,1224,22,16,2023-11-03T18:00:00+00:00
9304,1224,3,17,2023-11-03T18:00:00+00:00
9304,1224,31,12,2023-11-03T18:00:00+00:00
9304,1224,1,1,2023-11-03T18:00:00+00:00
9304,1224,77,18,2023-11-03T18:00:00+00:00
9304,1224,11,9,2023-11-03T18:00:00+00:00
9304,1224,4,7,2023-11-03T18:00:00+00:00
9304,1224,81,10,2023-11-03T18:00:00+00:00
9308,1224,55,9,2023-11-04T14:00:00+00:00
9308,1224,16,7,2023-11-04T14:00:00+00:00
9308,1224,63,4,2023-11-04T14:00:00+00:00
9308,1224,27,12,2023-11-04T14:00:00+00:00
9308,1224,23,19,2023-11-04T14:00:00+00:00
9308,1224,18,17,2023-11-04T14:00:00+00:00
9308,1224,10,13,2023-11-04T14:00:00+00:00
9308,1224,24,18,2023-11-04T14:00:00+00:00
9308,1224,2,20,2023-11-04T14:00:00+00:00
9308,1224,20,11,2023-11-04T14:00:00+00:00
9308,1224,14,15,2023-11-04T14:00:00+00:00
9308,1224,44,5,2023-11-04T14:00:00+00:00
9308,1224,22,6,2023-11-04T14:00:00+00:00
9308,1224,3,8,2023-11-04T14:00:00+00:00
9308,1224,31,16,2023-11-04T14:00:00+00:00
9308,1224,1,2,2023-11-04T14:00:00+00:00
9308,1224,77,14,2023-11-04T14:00:00+00:00
9308,1224,11,3,2023-11-04T14:00:00+00:00
9308,1224,4,1,2023-11-04T14:00:00+00:00
9308,1224,81,10,2023-11-04T14:00:00+00:00
9314,1225,63,4,2023-11-18T08:00:00+00:00
9314,1225,81,19,2023-11-18T08:00:00+00:00
9314,1225,2,7,2023-11-18T08:00:00+00:00
9314,1225,1,3,2023-11-18T08:00:00+00:00
9314,1225,11,12,2023-11-18T08:00:00+00:00
9314,1225,23,6,2023-11-18T08:00:00+00:00
9314,1225,14,10,2023-11-18T08:00:00+00:00
9314,1225,44,11,2023-11-18T08:00:00+00:00
9314,1225,77,8,2023-11-18T08:00:00+00:00
9314,1225,20,9,2023-11-18T08:00:00+00:00
9314,1225,4,16,2023-11-18T08:00:00+00:00
9314,1225,27,13,2023-11-18T08:00:00+00:00
9314,1225,18,14,2023-11-18T08:00:00+00:00
9314,1225,31,17,2023-11-18T08:00:00+00:00
9314,1225,24,18,2023-11-18T08:00:00+00:00
9314,1225,16,1,2023-11-18T08:00:00+00:00
9314,1225,55,2,2023-11-18T08:00:00+00:00
9314,1225,22,20,2023-11-18T08:00:00+00:00
9314,1225,10,5,2023-11-18T08:00:00+00:00
9314,1225,3,15,2023-11-18T08:00:00+00:00
9193,1226,63,4,2023-11-25T14:00:00+00:00
9193,1226,4,5,2023-11-25T14:00:00+00:00
9193,1226,81,3,2023-11-25T14:00:00+00:00
9193,1226,23,14,2023-11-25T14:00:00+00:00
9193,1226,16,2,2023-11-25T14:00:00+00:00
9193,1226,1,1,2023-11-25T14:00:00+00:00
9193,1226,31,12,2023-11-25T14:00:00+00:00
9193,1226,2,20,2023-11-25T14:00:00+00:00
9193,1226,22,6,2023-11-25T14:00:00+00:00
9193,1226,24,19,2023-11-25T14:00:00+00:00
9193,1226,11,9,2023-11-25T14:00:00+00:00
9193,1226,44,11,2023-11-25T14:00:00+00:00
9193,1226,10,10,2023-11-25T14:00:00+00:00
9193,1226,14,7,2023-11-25T14:00:00+00:00
9193,1226,18,13,2023-11-25T14:00:00+00:00
9193,1226,77,18,2023-11-25T14:00:00+00:00
9193,1226,27,8,2023-11-25T14:00:00+00:00
9193,1226,3,15,2023-11-25T14:00:00+00:00
9193,1226,20,17,2023-11-25T14:00:00+00:00
9193,1226,55,16,2023-11-25T14:00:00+00:00
9468,1229,55,4,2024-03-01T16:00:00+00:00
9468,1229,14,6,2024-03-01T16:00:00+00:00
9468,1229,1,1,2024-03-01T16:00:00+00:00
9468,1229,16,2,2024-03-01T16:00:00+00:00
9468,1229,4,7,2024-03-01T16:00:00+00:00
9468,1229,63,3,2024-03-01T16:00:00+00:00
9468,1229,81,8,2024-03-01T16:00:00+00:00
9468,1229,11,5,2024-03-01T16:00:00+00:00
9468,1229,27,10,2024-03-01T16:00:00+00:00
9468,1229,18,12,2024-03-01T16:00:00+00:00
9468,1229,3,14,2024-03-01T16:00:00+00:00
9468,1229,44,9,2024-03-01T16:00:00+00:00
9468,1229,22,11,2024-03-01T16:00:00+00:00
9468,1229,20,15,2024-03-01T16:00:00+00:00
9468,1229,23,13,2024-03-01T16:00:00+00:00
9468,1229,24,17,2024-03-01T16:00:00+00:00
9468,1229,77,16,2024-03-01T16:00:00+00:00
9468,1229,31,19,2024-03-01T16:00:00+00:00
9468,1229,2,18,2024-03-01T16:00:00+00:00
9468,1229,10,20,2024-03-01T16:00:00+00:00
9476,1230,1,1,2024-03-08T17:00:00+00:00
9476,1230,16,2,2024-03-08T17:00:00+00:00
9476,1230,11,3,2024-03-08T17:00:00+00:00
9476,1230,63,7,2024-03-08T17:00:00+00:00
9476,1230,4,6,2024-03-08T17:00:00+00:00
9476,1230,14,4,2024-03-08T17:00:00+00:00
9476,1230,18,10,2024-03-08T17:00:00+00:00
9476,1230,81,5,2024-03-08T17:00:00+00:00
9476,1230,44,8,2024-03-08T17:00:00+00:00
9476,1230,38,11,2024-03-08T17:00:00+00:00
9476,1230,20,13,2024-03-08T17:00:00+00:00
9476,1230,10,18,2024-03-08T17:00:00+00:00
9476,1230,22,9,2024-03-08T17:00:00+00:00
9476,1230,31,17,2024-03-08T17:00:00+00:00
9476,1230,27,15,2024-03-08T17:00:00+00:00
9476,1230,3,14,2024-03-08T17:00:00+00:00
9476,1230,23,12,2024-03-08T17:00:00+00:00
9476,1230,77,16,2024-03-08T17:00:00+00:00
9476,1230,24,20,2024-03-08T17:00:00+00:00
9476,1230,2,19,2024-03-08T17:00:00+00:00
9484,1231,16,5,2024-03-23T05:00:00+00:00
9484,1231,1,1,2024-03-23T05:00:00+00:00
9484,1231,55,2,2024-03-23T05:00:00+00:00
9484,1231,44,11,2024-03-23T05:00:00+00:00
9484,1231,63,7,2024-03-23T05:00:00+00:00
9484,1231,14,10,2024-03-23T05:00:00+00:00
9484,1231,11,3,2024-03-23T05:00:00+00:00
9484,1231,81,6,2024-03-23T05:00:00+00:00
9484,1231,18,9,2024-03-23T05:00:00+00:00
9484,1231,4,4,2024-03-23T05:00:00+00:00
9484,1231,22,8,2024-03-23T05:00:00+00:00
9484,1231,77,13,2024-03-23T05:00:00+00:00
9484,1231,23,12,2024-03-23T05:00:00+00:00
9484,1231,24,19,2024-03-23T05:00:00+00:00
9484,1231,31,15,2024-03-23T05:00:00+00:00
9484,1231,27,16,2024-03-23T05:00:00+00:00
9484,1231,20,14,2024-03-23T05:00:00+00:00
9484,1231,3,18,2024-03-23T05:00:00+00:00
9484,1231,10,17,2024-03-23T05:00:00+00:00
9492,1232,1,1,2024-04-06T06:00:00+00:00
9492,1232,11,2,2024-04-06T06:00:00+00:00
9492,1232,63,9,2024-04-06T06:00:00+00:00
9492,1232,44,7,2024-04-06T06:00:00+00:00
9492,1232,14,5,2024-04-06T06:00:00+00:00
9492,1232,4,3,2024-04-06T06:00:00+00:00
9492,1232,55,4,2024-04-06T06:00:00+00:00
9492,1232,81,6,2024-04-06T06:00:00+00:00
9492,1232,22,10,2024-04-06T06:00:00+00:00
9492,1232,16,8,2024-04-06T06:00:00+00:00
9492,1232,23,14,2024-04-06T06:00:00+00:00
9492,1232,77,13,2024-04-06T06:00:00+00:00
9492,1232,3,11,2024-04-06T06:00:00+00:00
9492,1232,31,15,2024-04-06T06:00:00+00:00
9492,1232,24,20,2024-04-06T06:00:00+00:00
9492,1232,27,12,2024-04-06T06:00:00+00:00
9492,1232,10,17,2024-04-06T06:00:00+00:00
9492,1232,18,16,2024-04-06T06:00:00+00:00
9492,1232,2,19,2024-04-06T06:00:00+00:00
9492,1232,20,18,2024-04-06T06:00:00+00:00
9668,1233,18,15,2024-04-19T07:30:00+00:00
9668,1233,81,8,2024-04-19T07:30:00+00:00
9668,1233,1,4,2024-04-19T07:30:00+00:00
9668,1233,11,6,2024-04-19T07:30:00+00:00
9668,1233,27,13,2024-04-19T07:30:00+00:00
9668,1233,20,12,2024-04-19T07:30:00+00:00
9668,1233,31,17,2024-04-19T07:30:00+00:00
9668,1233,23,18,2024-04-19T07:30:00+00:00
9668,1233,3,14,2024-04-19T07:30:00+00:00
9668,1233,77,9,2024-04-19T07:30:00+00:00
9668,1233,24,10,2024-04-19T07:30:00+00:00
9668,1233,22,19,2024-04-19T07:30:00+00:00
9668,1233,16,7,2024-04-19T07:30:00+00:00
9668,1233,55,5,2024-04-19T07:30:00+00:00
9668,1233,2,20,2024-04-19T07:30:00+00:00
9668,1233,4,1,2024-04-19T07:30:00+00:00
9668,1233,63,11,2024-04-19T07:30:00+00:00
9668,1233,44,2,2024-04-19T07:30:00+00:00
9668,1233,14,3,2024-04-19T07:30:00+00:00
9668,1233,10,16,2024-04-19T07:30:00+00:00
9664,1233,18,11,2024-04-20T07:00:00+00:00
9664,1233,81,5,2024-04-20T07:00:00+00:00
9664,1233,1,1,2024-04-20T07:00:00+00:00
9664,1233,11,2,2024-04-20T07:00:00+00:00
9664,1233,27,9,2024-04-20T07:00:00+00:00
9664,1233,20,17,2024-04-20T07:00:00+00:00
9664,1233,31,13,2024-04-20T07:00:00+00:00
9664,1233,23,14,2024-04-20T07:00:00+00:00
9664,1233,3,12,2024-04-20T07:00:00+00:00
9664,1233,77,10,2024-04-20T07:00:00+00:00
9664,1233,24,16,2024-04-20T07:00:00+00:00
9664,1233,22,19,2024-04-20T07:00:00+00:00
9664,1233,16,6,2024-04-20T07:00:00+00:00
9664,1233,55,7,2024-04-20T07:00:00+00:00
9664,1233,2,20,2024-04-20T07:00:00+00:00
9664,1233,4,4,2024-04-20T07:00:00+00:00
9664,1233,63,8,2024-04-20T07:00:00+00:00
9664,1233,44,18,2024-04-20T07:00:00+00:00
9664,1233,14,3,2024-04-20T07:00:00+00:00
9664,1233,10,15,2024-04-20T07:00:00+00:00
9502,1234,1,1,2024-05-03T20:30:00+00:00
9502,1234,81,6,2024-05-03T20:30:00+00:00
9502,1234,55,5,2024-05-03T20:30:00+00:00
9502,1234,63,11,2024-05-03T20:30:00+00:00
9502,1234,18,7,2024-05-03T20:30:00+00:00
9502,1234,11,3,2024-05-03T20:30:00+00:00
9502,1234,44,12,2024-05-03T20:30:00+00:00
9502,1234,22,15,2024-05-03T20:30:00+00:00
9502,1234,31,13,2024-05-03T20:30:00+00:00
9502,1234,10,16,2024-05-03T20:30:00+00:00
9502,1234,3,4,2024-05-03T20:30:00+00:00
9502,1234,20,14,2024-05-03T20:30:00+00:00
9502,1234,27,10,2024-05-03T20:30:00+00:00
9502,1234,23,20,2024-05-03T20:30:00+00:00
9502,1234,24,17,2024-05-03T20:30:00+00:00
9502,1234,4,9,2024-05-03T20:30:00+00:00
9502,1234,77,18,2024-05-03T20:30:00+00:00
9502,1234,2,19,2024-05-03T20:30:00+00:00
9502,1234,14,8,2024-05-03T20:30:00+00:00
9502,1234,16,2,2024-05-03T20:30:00+00:00
9498,1234,1,1,2024-05-04T20:00:00+00:00
9498,1234,2,17,2024-05-04T20:00:00+00:00
9498,1234,3,18,2024-05-04T20:00:00+00:00
9498,1234,4,5,2024-05-04T20:00:00+00:00
9498,1234,10,12,2024-05-04T20:00:00+00:00
9498,1234,11,4,2024-05-04T20:00:00+00:00
9498,1234,14,15,2024-05-04T20:00:00+00:00
9498,1234,16,2,2024-05-04T20:00:00+00:00
9498,1234,18,11,2024-05-04T20:00:00+00:00
9498,1234,20,19,2024-05-04T20:00:00+00:00
9498,1234,22,10,2024-05-04T20:00:00+00:00
9498,1234,23,14,2024-05-04T20:00:00+00:00
9498,1234,24,20,2024-05-04T20:00:00+00:00
9498,1234,27,9,2024-05-04T20:00:00+00:00
9498,1234,31,13,2024-05-04T20:00:00+00:00
9498,1234,44,8,2024-05-04T20:00:00+00:00
9498,1234,55,3,2024-05-04T20:00:00+00:00
9498,1234,63,7,2024-05-04T20:00:00+00:00
9498,1234,77,16,2024-05-04T20:00:00+00:00
9498,1234,81,6,2024-05-04T20:00:00+00:00
9511,1235,81,2,2024-05-18T14:00:00+00:00
9511,1235,4,3,2024-05-18T14:00:00+00:00
9511,1235,55,5,2024-05-18T14:00:00+00:00
9511,1235,16,4,2024-05-18T14:00:00+00:00
9511,1235,63,6,2024-05-18T14:00:00+00:00
9511,1235,1,1,2024-05-18T14:00:00+00:00
9511,1235,23,14,2024-05-18T14:00:00+00:00
9511,1235,31,12,2024-05-18T14:00:00+00:00
9511,1235,18,13,2024-05-18T14:00:00+00:00
9511,1235,27,10,2024-05-18T14:00:00+00:00
9511,1235,3,9,2024-05-18T14:00:00+00:00
9511,1235,11,11,2024-05-18T14:00:00+00:00
9511,1235,22,7,2024-05-18T14:00:00+00:00
9511,1235,77,16,2024-05-18T14:00:00+00:00
9511,1235,2,20,2024-05-18T14:00:00+00:00
9511,1235,20,18,2024-05-18T14:00:00+00:00
9511,1235,44,8,2024-05-18T14:00:00+00:00
9511,1235,14,19,2024-05-18T14:00:00+00:00
9511,1235,10,15,2024-05-18T14:00:00+00:00
9511,1235,24,17,2024-05-18T14:00:00+00:00
9519,1236,16,1,2024-05-25T14:00:00+00:00
9519,1236,1,6,2024-05-25T14:00:00+00:00
9519,1236,44,7,2024-05-25T14:00:00+00:00
9519,1236,81,2,2024-05-25T14:00:00+00:00
9519,1236,11,18,2024-05-25T14:00:00+00:00
9519,1236,63,5,2024-05-25T14:00:00+00:00
9519,1236,55,3,2024-05-25T14:00:00+00:00
9519,1236,4,4,2024-05-25T14:00:00+00:00
9519,1236,22,8,2024-05-25T14:00:00+00:00
9519,1236,14,16,2024-05-25T14:00:00+00:00
9519,1236,10,10,2024-05-25T14:00:00+00:00
9519,1236,23,9,2024-05-25T14:00:00+00:00
9519,1236,27,12,2024-05-25T14:00:00+00:00
9519,1236,20,15,2024-05-25T14:00:00+00:00
9519,1236,18,14,2024-05-25T14:00:00+00:00
9519,1236,31,11,2024-05-25T14:00:00+00:00
9519,1236,2,17,2024-05-25T14:00:00+00:00
9519,1236,3,13,2024-05-25T14:00:00+00:00
9519,1236,24,20,2024-05-25T14:00:00+00:00
9519,1236,77,19,2024-05-25T14:00:00+00:00
9527,1237,44,7,2024-06-08T20:00:00+00:00
9527,1237,1,2,2024-06-08T20:00:00+00:00
9527,1237,63,1,2024-06-08T20:00:00+00:00
9527,1237,18,9,2024-06-08T20:00:00+00:00
9527,1237,81,4,2024-06-08T20:00:00+00:00
9527,1237,3,5,2024-06-08T20:00:00+00:00
9527,1237,4,3,2024-06-08T20:00:00+00:00
9527,1237,14,6,2024-06-08T20:00:00+00:00
9527,1237,11,16,2024-06-08T20:00:00+00:00
9527,1237,16,11,2024-06-08T20:00:00+00:00
9527,1237,20,14,2024-06-08T20:00:00+00:00
9527,1237,55,12,2024-06-08T20:00:00+00:00
9527,1237,77,17,2024-06-08T20:00:00+00:00
9527,1237,2,13,2024-06-08T20:00:00+00:00
9527,1237,22,8,2024-06-08T20:00:00+00:00
9527,1237,10,15,2024-06-08T20:00:00+00:00
9527,1237,27,19,2024-06-08T20:00:00+00:00
9527,1237,23,10,2024-06-08T20:00:00+00:00
9527,1237,31,18,2024-06-08T20:00:00+00:00
9527,1237,24,20,2024-06-08T20:00:00+00:00
9535,1238,1,2,2024-06-22T14:00:00+00:00
9535,1238,2,20,2024-06-22T14:00:00+00:00
9535,1238,3,18,2024-06-22T14:00:00+00:00
9535,1238,4,1,2024-06-22T14:00:00+00:00
9535,1238,10,7,2024-06-22T14:00:00+00:00
9535,1238,11,8,2024-06-22T14:00:00+00:00
9535,1238,14,11,2024-06-22T14:00:00+00:00
9535,1238,16,5,2024-06-22T14:00:00+00:00
9535,1238,18,14,2024-06-22T14:00:00+00:00
9535,1238,20,16,2024-06-22T14:00:00+00:00
9535,1238,22,17,2024-06-22T14:00:00+00:00
9535,1238,23,19,2024-06-22T14:00:00+00:00
9535,1238,24,15,2024-06-22T14:00:00+00:00
9535,1238,27,13,2024-06-22T14:00:00+00:00
9535,1238,31,9,2024-06-22T14:00:00+00:00
9535,1238,44,3,2024-06-22T14:00:00+00:00
9535,1238,55,6,2024-06-22T14:00:00+00:00
9535,1238,63,4,2024-06-22T14:00:00+00:00
9535,1238,77,12,2024-06-22T14:00:00+00:00
9535,1238,81,10,2024-06-22T14:00:00+00:00
9545,1239,1,1,2024-06-28T14:30:00+00:00
9545,1239,81,3,2024-06-28T14:30:00+00:00
9545,1239,16,10,2024-06-28T14:30:00+00:00
9545,1239,55,5,2024-06-28T14:30:00+00:00
9545,1239,44,6,2024-06-28T14:30:00+00:00
9545,1239,31,8,2024-06-28T14:30:00+00:00
9545,1239,18,12,2024-06-28T14:30:00+00:00
9545,1239,63,4,2024-06-28T14:30:00+00:00
9545,1239,22,14,2024-06-28T14:30:00+00:00
9545,1239,14,13,2024-06-28T14:30:00+00:00
9545,1239,10,9,2024-06-28T14:30:00+00:00
9545,1239,11,7,2024-06-28T14:30:00+00:00
9545,1239,4,2,2024-06-28T14:30:00+00:00
9545,1239,24,20,2024-06-28T14:30:00+00:00
9545,1239,77,18,2024-06-28T14:30:00+00:00
9545,1239,3,16,2024-06-28T14:30:00+00:00
9545,1239,27,17,2024-06-28T14:30:00+00:00
9545,1239,23,19,2024-06-28T14:30:00+00:00
9545,1239,20,11,2024-06-28T14:30:00+00:00
9545,1239,2,15,2024-06-28T14:30:00+00:00
9541,1239,1,1,2024-06-29T14:00:00+00:00
9541,1239,81,7,2024-06-29T14:00:00+00:00
9541,1239,16,6,2024-06-29T14:00:00+00:00
9541,1239,55,4,2024-06-29T14:00:00+00:00
9541,1239,44,5,2024-06-29T14:00:00+00:00
9541,1239,31,10,2024-06-29T14:00:00+00:00
9541,1239,18,17,2024-06-29T14:00:00+00:00
9541,1239,63,3,2024-06-29T14:00:00+00:00
9541,1239,22,14,2024-06-29T14:00:00+00:00
9541,1239,14,15,2024-06-29T14:00:00+00:00
9541,1239,10,13,2024-06-29T14:00:00+00:00
9541,1239,11,8,2024-06-29T14:00:00+00:00
9541,1239,4,2,2024-06-29T14:00:00+00:00
9541,1239,24,20,2024-06-29T14:00:00+00:00
9541,1239,77,18,2024-06-29T14:00:00+00:00
9541,1239,3,11,2024-06-29T14:00:00+00:00
9541,1239,27,9,2024-06-29T14:00:00+00:00
9541,1239,23,16,2024-06-29T14:00:00+00:00
9541,1239,20,12,2024-06-29T14:00:00+00:00
9541,1239,2,19,2024-06-29T14:00:00+00:00
9554,1240,1,4,2024-07-06T14:00:00+00:00
9554,1240,2,12,2024-07-06T14:00:00+00:00
9554,1240,3,15,2024-07-06T14:00:00+00:00
9554,1240,4,3,2024-07-06T14:00:00+00:00
9554,1240,10,20,2024-07-06T14:00:00+00:00
9554,1240,11,19,2024-07-06T14:00:00+00:00
9554,1240,14,10,2024-07-06T14:00:00+00:00
9554,1240,16,11,2024-07-06T14:00:00+00:00
9554,1240,18,8,2024-07-06T14:00:00+00:00
9554,1240,20,17,2024-07-06T14:00:00+00:00
9554,1240,22,13,2024-07-06T14:00:00+00:00
9554,1240,23,9,2024-07-06T14:00:00+00:00
9554,1240,24,14,2024-07-06T14:00:00+00:00
9554,1240,27,6,2024-07-06T14:00:00+00:00
9554,1240,31,18,2024-07-06T14:00:00+00:00
9554,1240,44,2,2024-07-06T14:00:00+00:00
9554,1240,55,7,2024-07-06T14:00:00+00:00
9554,1240,63,1,2024-07-06T14:00:00+00:00
9554,1240,77,16,2024-07-06T14:00:00+00:00
9554,1240,81,5,2024-07-06T14:00:00+00:00
9562,1241,4,1,2024-07-20T14:00:00+00:00
9562,1241,81,2,2024-07-20T14:00:00+00:00
9562,1241,1,3,2024-07-20T14:00:00+00:00
9562,1241,63,17,2024-07-20T14:00:00+00:00
9562,1241,55,4,2024-07-20T14:00:00+00:00
9562,1241,3,9,2024-07-20T14:00:00+00:00
9562,1241,23,13,2024-07-20T14:00:00+00:00
9562,1241,27,11,2024-07-20T14:00:00+00:00
9562,1241,22,10,2024-07-20T14:00:00+00:00
9562,1241,44,5,2024-07-20T14:00:00+00:00
9562,1241,16,6,2024-07-20T14:00:00+00:00
9562,1241,77,12,2024-07-20T14:00:00+00:00
9562,1241,11,16,2024-07-20T14:00:00+00:00
9562,1241,14,7,2024-07-20T14:00:00+00:00
9562,1241,18,8,2024-07-20T14:00:00+00:00
9562,1241,2,14,2024-07-20T14:00:00+00:00
9562,1241,24,18,2024-07-20T14:00:00+00:00
9562,1241,10,20,2024-07-20T14:00:00+00:00
9562,1241,20,15,2024-07-20T14:00:00+00:00
9562,1241,31,19,2024-07-20T14:00:00+00:00
9570,1242,1,1,2024-07-27T14:00:00+00:00
9570,1242,81,6,2024-07-27T14:00:00+00:00
9570,1242,10,12,2024-07-27T14:00:00+00:00
9570,1242,4,5,2024-07-27T14:00:00+00:00
9570,1242,31,10,2024-07-27T14:00:00+00:00
9570,1242,16,2,2024-07-27T14:00:00+00:00
9570,1242,18,15,2024-07-27T14:00:00+00:00
9570,1242,77,14,2024-07-27T14:00:00+00:00
9570,1242,44,4,2024-07-27T14:00:00+00:00
9570,1242,11,3,2024-07-27T14:00:00+00:00
9570,1242,23,11,2024-07-27T14:00:00+00:00
9570,1242,27,16,2024-07-27T14:00:00+00:00
9570,1242,14,9,2024-07-27T14:00:00+00:00
9570,1242,3,13,2024-07-27T14:00:00+00:00
9570,1242,22,18,2024-07-27T14:00:00+00:00
9570,1242,24,20,2024-07-27T14:00:00+00:00
9570,1242,2,19,2024-07-27T14:00:00+00:00
9570,1242,63,7,2024-07-27T14:00:00+00:00
9570,1242,55,8,2024-07-27T14:00:00+00:00
9570,1242,20,17,2024-07-27T14:00:00+00:00
9578,1243,1,2,2024-08-24T13:00:00+00:00
9578,1243,2,20,2024-08-24T13:00:00+00:00
9578,1243,3,16,2024-08-24T13:00:00+00:00
9578,1243,4,1,2024-08-24T13:00:00+00:00
9578,1243,10,10,2024-08-24T13:00:00+00:00
9578,1243,11,5,2024-08-24T13:00:00+00:00
9578,1243,14,7,2024-08-24T13:00:00+00:00
9578,1243,16,6,2024-08-24T13:00:00+00:00
9578,1243,18,9,2024-08-24T13:00:00+00:00
9578,1243,20,15,2024-08-24T13:00:00+00:00
9578,1243,22,13,2024-08-24T13:00:00+00:00
9578,1243,23,8,2024-08-24T13:00:00+00:00
9578,1243,24,19,2024-08-24T13:00:00+00:00
9578,1243,27,14,2024-08-24T13:00:00+00:00
9578,1243,31,17,2024-08-24T13:00:00+00:00
9578,1243,44,12,2024-08-24T13:00:00+00:00
9578,1243,55,11,2024-08-24T13:00:00+00:00
9578,1243,63,4,2024-08-24T13:00:00+00:00
9578,1243,77,18,2024-08-24T13:00:00+00:00
9578,1243,81,3,2024-08-24T13:00:00+00:00
9586,1244,44,6,2024-08-31T14:00:00+00:00
9586,1244,63,3,2024-08-31T14:00:00+00:00
9586,1244,16,4,2024-08-31T14:00:00+00:00
9586,1244,81,2,2024-08-31T14:00:00+00:00
9586,1244,4,1,2024-08-31T14:00:00+00:00
9586,1244,1,7,2024-08-31T14:00:00+00:00
9586,1244,55,5,2024-08-31T14:00:00+00:00
9586,1244,23,9,2024-08-31T14:00:00+00:00
9586,1244,43,18,2024-08-31T14:00:00+00:00
9586,1244,27,10,2024-08-31T14:00:00+00:00
9586,1244,14,11,2024-08-31T14:00:00+00:00
9586,1244,3,12,2024-08-31T14:00:00+00:00
9586,1244,22,16,2024-08-31T14:00:00+00:00
9586,1244,10,14,2024-08-31T14:00:00+00:00
9586,1244,18,17,2024-08-31T14:00:00+00:00
9586,1244,20,13,2024-08-31T14:00:00+00:00
9586,1244,31,15,2024-08-31T14:00:00+00:00
9586,1244,11,8,2024-08-31T14:00:00+00:00
9586,1244,77,19,2024-08-31T14:00:00+00:00
9586,1244,24,20,2024-08-31T14:00:00+00:00
9594,1245,1,6,2024-09-14T12:00:00+00:00
9594,1245,3,16,2024-09-14T12:00:00+00:00
9594,1245,4,17,2024-09-14T12:00:00+00:00
9594,1245,10,13,2024-09-14T12:00:00+00:00
9594,1245,11,4,2024-09-14T12:00:00+00:00
9594,1245,14,8,2024-09-14T12:00:00+00:00
9594,1245,16,1,2024-09-14T12:00:00+00:00
9594,1245,18,15,2024-09-14T12:00:00+00:00
9594,1245,22,12,2024-09-14T12:00:00+00:00
9594,1245,23,10,2024-09-14T12:00:00+00:00
9594,1245,24,19,2024-09-14T12:00:00+00:00
9594,1245,27,14,2024-09-14T12:00:00+00:00
9594,1245,31,20,2024-09-14T12:00:00+00:00
9594,1245,43,9,2024-09-14T12:00:00+00:00
9594,1245,44,7,2024-09-14T12:00:00+00:00
9594,1245,50,11,2024-09-14T12:00:00+00:00
9594,1245,55,3,2024-09-14T12:00:00+00:00
9594,1245,63,5,2024-09-14T12:00:00+00:00
9594,1245,77,18,2024-09-14T12:00:00+00:00
9594,1245,81,2,2024-09-14T12:00:00+00:00
9602,1246,4,1,2024-09-21T13:00:00+00:00
9602,1246,63,4,2024-09-21T13:00:00+00:00
9602,1246,81,5,2024-09-21T13:00:00+00:00
9602,1246,1,2,2024-09-21T13:00:00+00:00
9602,1246,16,9,2024-09-21T13:00:00+00:00
9602,1246,55,10,2024-09-21T13:00:00+00:00
9602,1246,44,3,2024-09-21T13:00:00+00:00
9602,1246,23,11,2024-09-21T13:00:00+00:00
9602,1246,43,12,2024-09-21T13:00:00+00:00
9602,1246,14,7,2024-09-21T13:00:00+00:00
9602,1246,22,8,2024-09-21T13:00:00+00:00
9602,1246,27,6,2024-09-21T13:00:00+00:00
9602,1246,20,14,2024-09-21T13:00:00+00:00
9602,1246,10,18,2024-09-21T13:00:00+00:00
9602,1246,11,13,2024-09-21T13:00:00+00:00
9602,1246,31,15,2024-09-21T13:00:00+00:00
9602,1246,3,16,2024-09-21T13:00:00+00:00
9602,1246,18,17,2024-09-21T13:00:00+00:00
9602,1246,77,19,2024-09-21T13:00:00+00:00
9602,1246,24,20,2024-09-21T13:00:00+00:00
9612,1247,55,5,2024-10-18T21:30:00+00:00
9612,1247,16,3,2024-10-18T21:30:00+00:00
9612,1247,1,1,2024-10-18T21:30:00+00:00
9612,1247,4,4,2024-10-18T21:30:00+00:00
9612,1247,81,16,2024-10-18T21:30:00+00:00
9612,1247,44,7,2024-10-18T21:30:00+00:00
9612,1247,63,2,2024-10-18T21:30:00+00:00
9612,1247,20,8,2024-10-18T21:30:00+00:00
9612,1247,14,14,2024-10-18T21:30:00+00:00
9612,1247,22,9,2024-10-18T21:30:00+00:00
9612,1247,27,6,2024-10-18T21:30:00+00:00
9612,1247,10,12,2024-10-18T21:30:00+00:00
9612,1247,30,15,2024-10-18T21:30:00+00:00
9612,1247,23,18,2024-10-18T21:30:00+00:00
9612,1247,18,13,2024-10-18T21:30:00+00:00
9612,1247,11,11,2024-10-18T21:30:00+00:00
9612,1247,31,17,2024-10-18T21:30:00+00:00
9612,1247,77,19,2024-10-18T21:30:00+00:00
9612,1247,43,10,2024-10-18T21:30:00+00:00
9612,1247,24,20,2024-10-18T21:30:00+00:00
9608,1247,55,3,2024-10-19T22:00:00+00:00
9608,1247,16,4,2024-10-19T22:00:00+00:00
9608,1247,1,2,2024-10-19T22:00:00+00:00
9608,1247,4,1,2024-10-19T22:00:00+00:00
9608,1247,81,5,2024-10-19T22:00:00+00:00
9608,1247,44,19,2024-10-19T22:00:00+00:00
9608,1247,63,6,2024-10-19T22:00:00+00:00
9608,1247,20,9,2024-10-19T22:00:00+00:00
9608,1247,14,8,2024-10-19T22:00:00+00:00
9608,1247,22,11,2024-10-19T22:00:00+00:00
9608,1247,27,12,2024-10-19T22:00:00+00:00
9608,1247,10,7,2024-10-19T22:00:00+00:00
9608,1247,30,15,2024-10-19T22:00:00+00:00
9608,1247,23,16,2024-10-19T22:00:00+00:00
9608,1247,18,14,2024-10-19T22:00:00+00:00
9608,1247,11,10,2024-10-19T22:00:00+00:00
9608,1247,31,13,2024-10-19T22:00:00+00:00
9608,1247,77,18,2024-10-19T22:00:00+00:00
9608,1247,43,17,2024-10-19T22:00:00+00:00
9608,1247,24,20,2024-10-19T22:00:00+00:00
9621,1248,81,17,2024-10-26T21:00:00+00:00
9621,1248,4,3,2024-10-26T21:00:00+00:00
9621,1248,55,1,2024-10-26T21:00:00+00:00
9621,1248,1,2,2024-10-26T21:00:00+00:00
9621,1248,44,6,2024-10-26T21:00:00+00:00
9621,1248,16,4,2024-10-26T21:00:00+00:00
9621,1248,22,11,2024-10-26T21:00:00+00:00
9621,1248,63,5,2024-10-26T21:00:00+00:00
9621,1248,20,7,2024-10-26T21:00:00+00:00
9621,1248,30,12,2024-10-26T21:00:00+00:00
9621,1248,23,9,2024-10-26T21:00:00+00:00
9621,1248,77,15,2024-10-26T21:00:00+00:00
9621,1248,43,16,2024-10-26T21:00:00+00:00
9621,1248,11,18,2024-10-26T21:00:00+00:00
9621,1248,14,13,2024-10-26T21:00:00+00:00
9621,1248,27,10,2024-10-26T21:00:00+00:00
9621,1248,18,14,2024-10-26T21:00:00+00:00
9621,1248,31,19,2024-10-26T21:00:00+00:00
9621,1248,24,20,2024-10-26T21:00:00+00:00
9621,1248,10,8,2024-10-26T21:00:00+00:00
9631,1249,4,2,2024-11-01T18:30:00+00:00
9631,1249,63,6,2024-11-01T18:30:00+00:00
9631,1249,50,10,2024-11-01T18:30:00+00:00
9631,1249,81,1,2024-11-01T18:30:00+00:00
9631,1249,23,9,2024-11-01T18:30:00+00:00
9631,1249,16,3,2024-11-01T18:30:00+00:00
9631,1249,55,5,2024-11-01T18:30:00+00:00
9631,1249,27,12,2024-11-01T18:30:00+00:00
9631,1249,14,16,2024-11-01T18:30:00+00:00
9631,1249,10,7,2024-11-01T18:30:00+00:00
9631,1249,30,8,2024-11-01T18:30:00+00:00
9631,1249,22,18,2024-11-01T18:30:00+00:00
9631,1249,43,14,2024-11-01T18:30:00+00:00
9631,1249,77,15,2024-11-01T18:30:00+00:00
9631,1249,1,4,2024-11-01T18:30:00+00:00
9631,1249,44,11,2024-11-01T18:30:00+00:00
9631,1249,18,19,2024-11-01T18:30:00+00:00
9631,1249,31,17,2024-11-01T18:30:00+00:00
9631,1249,11,13,2024-11-01T18:30:00+00:00
9631,1249,24,20,2024-11-01T18:30:00+00:00
9627,1249,4,1,2024-11-02T18:00:00+00:00
9627,1249,63,2,2024-11-02T18:00:00+00:00
9627,1249,50,17,2024-11-02T18:00:00+00:00
9627,1249,81,8,2024-11-02T18:00:00+00:00
9627,1249,23,7,2024-11-02T18:00:00+00:00
9627,1249,16,6,2024-11-02T18:00:00+00:00
9627,1249,55,14,2024-11-02T18:00:00+00:00
9627,1249,27,19,2024-11-02T18:00:00+00:00
9627,1249,14,9,2024-11-02T18:00:00+00:00
9627,1249,10,15,2024-11-02T18:00:00+00:00
9627,1249,30,5,2024-11-02T18:00:00+00:00
9627,1249,22,3,2024-11-02T18:00:00+00:00
9627,1249,43,18,2024-11-02T18:00:00+00:00
9627,1249,77,11,2024-11-02T18:00:00+00:00
9627,1249,1,12,2024-11-02T18:00:00+00:00
9627,1249,44,16,2024-11-02T18:00:00+00:00
9627,1249,18,10,2024-11-02T18:00:00+00:00
9627,1249,31,4,2024-11-02T18:00:00+00:00
9627,1249,11,13,2024-11-02T18:00:00+00:00
9627,1249,24,20,2024-11-02T18:00:00+00:00
9640,1250,63,1,2024-11-23T06:00:00+00:00
9640,1250,81,8,2024-11-23T06:00:00+00:00
9640,1250,55,2,2024-11-23T06:00:00+00:00
9640,1250,4,6,2024-11-23T06:00:00+00:00
9640,1250,1,5,2024-11-23T06:00:00+00:00
9640,1250,44,10,2024-11-23T06:00:00+00:00
9640,1250,23,18,2024-11-23T06:00:00+00:00
9640,1250,43,14,2024-11-23T06:00:00+00:00
9640,1250,20,12,2024-11-23T06:00:00+00:00
9640,1250,10,3,2024-11-23T06:00:00+00:00
9640,1250,27,9,2024-11-23T06:00:00+00:00
9640,1250,16,4,2024-11-23T06:00:00+00:00
9640,1250,11,16,2024-11-23T06:00:00+00:00
9640,1250,31,11,2024-11-23T06:00:00+00:00
9640,1250,14,17,2024-11-23T06:00:00+00:00
9640,1250,22,7,2024-11-23T06:00:00+00:00
9640,1250,77,19,2024-11-23T06:00:00+00:00
9640,1250,30,15,2024-11-23T06:00:00+00:00
9640,1250,18,20,2024-11-23T06:00:00+00:00
9640,1250,24,13,2024-11-23T06:00:00+00:00
9650,1251,1,6,2024-11-29T17:30:00+00:00
9650,1251,4,1,2024-11-29T17:30:00+00:00
9650,1251,10,8,2024-11-29T17:30:00+00:00
9650,1251,11,16,2024-11-29T17:30:00+00:00
9650,1251,14,11,2024-11-29T17:30:00+00:00
9650,1251,16,5,2024-11-29T17:30:00+00:00
9650,1251,18,14,2024-11-29T17:30:00+00:00
9650,1251,20,15,2024-11-29T17:30:00+00:00
9650,1251,22,17,2024-11-29T17:30:00+00:00
9650,1251,23,12,2024-11-29T17:30:00+00:00
9650,1251,24,19,2024-11-29T17:30:00+00:00
9650,1251,27,9,2024-11-29T17:30:00+00:00
9650,1251,30,10,2024-11-29T17:30:00+00:00
9650,1251,31,18,2024-11-29T17:30:00+00:00
9650,1251,43,20,2024-11-29T17:30:00+00:00
9650,1251,44,7,2024-11-29T17:30:00+00:00
9650,1251,55,4,2024-11-29T17:30:00+00:00
9650,1251,63,2,2024-11-29T17:30:00+00:00
9650,1251,77,13,2024-11-29T17:30:00+00:00
9650,1251,81,3,2024-11-29T17:30:00+00:00
9646,1251,16,5,2024-11-30T18:00:00+00:00
9646,1251,4,3,2024-11-30T18:00:00+00:00
9646,1251,81,4,2024-11-30T18:00:00+00:00
9646,1251,55,7,2024-11-30T18:00:00+00:00
9646,1251,22,14,2024-11-30T18:00:00+00:00
9646,1251,77,13,2024-11-30T18:00:00+00:00
9646,1251,18,15,2024-11-30T18:00:00+00:00
9646,1251,63,2,2024-11-30T18:00:00+00:00
9646,1251,23,16,2024-11-30T18:00:00+00:00
9646,1251,44,6,2024-11-30T18:00:00+00:00
9646,1251,1,1,2024-11-30T18:00:00+00:00
9646,1251,14,8,2024-11-30T18:00:00+00:00
9646,1251,27,18,2024-11-30T18:00:00+00:00
9646,1251,30,17,2024-11-30T18:00:00+00:00
9646,1251,10,11,2024-11-30T18:00:00+00:00
9646,1251,20,10,2024-11-30T18:00:00+00:00
9646,1251,24,12,2024-11-30T18:00:00+00:00
9646,1251,11,9,2024-11-30T18:00:00+00:00
9646,1251,43,19,2024-11-30T18:00:00+00:00
9646,1251,31,20,2024-11-30T18:00:00+00:00
9658,1252,81,2,2024-12-07T14:00:00+00:00
9658,1252,4,1,2024-12-07T14:00:00+00:00
9658,1252,44,18,2024-12-07T14:00:00+00:00
9658,1252,1,5,2024-12-07T14:00:00+00:00
9658,1252,55,3,2024-12-07T14:00:00+00:00
9658,1252,63,7,2024-12-07T14:00:00+00:00
9658,1252,27,4,2024-12-07T14:00:00+00:00
9658,1252,20,15,2024-12-07T14:00:00+00:00
9658,1252,16,14,2024-12-07T14:00:00+00:00
9658,1252,11,10,2024-12-07T14:00:00+00:00
9658,1252,22,11,2024-12-07T14:00:00+00:00
9658,1252,23,16,2024-12-07T14:00:00+00:00
9658,1252,10,6,2024-12-07T14:00:00+00:00
9658,1252,61,20,2024-12-07T14:00:00+00:00
9658,1252,14,8,2024-12-07T14:00:00+00:00
9658,1252,77,9,2024-12-07T14:00:00+00:00
9658,1252,30,12,2024-12-07T14:00:00+00:00
9658,1252,18,13,2024-12-07T14:00:00+00:00
9658,1252,24,17,2024-12-07T14:00:00+00:00
9658,1252,43,19,2024-12-07T14:00:00+00:00
9689,1254,81,2,2025-03-15T05:00:00+00:00
9689,1254,63,4,2025-03-15T05:00:00+00:00
9689,1254,1,3,2025-03-15T05:00:00+00:00
9689,1254,16,7,2025-03-15T05:00:00+00:00
9689,1254,12,16,2025-03-15T05:00:00+00:00
9689,1254,55,10,2025-03-15T05:00:00+00:00
9689,1254,23,6,2025-03-15T05:00:00+00:00
9689,1254,44,8,2025-03-15T05:00:00+00:00
9689,1254,22,5,2025-03-15T05:00:00+00:00
9689,1254,4,1,2025-03-15T05:00:00+00:00
9689,1254,5,15,2025-03-15T05:00:00+00:00
9689,1254,10,9,2025-03-15T05:00:00+00:00
9689,1254,6,11,2025-03-15T05:00:00+00:00
9689,1254,18,13,2025-03-15T05:00:00+00:00
9689,1254,7,14,2025-03-15T05:00:00+00:00
9689,1254,27,17,2025-03-15T05:00:00+00:00
9689,1254,14,12,2025-03-15T05:00:00+00:00
9689,1254,31,19,2025-03-15T05:00:00+00:00
9689,1254,87,20,2025-03-15T05:00:00+00:00
9689,1254,30,18,2025-03-15T05:00:00+00:00
9989,1255,4,6,2025-03-21T07:30:00+00:00
9989,1255,16,4,2025-03-21T07:30:00+00:00
9989,1255,81,3,2025-03-21T07:30:00+00:00
9989,1255,44,1,2025-03-21T07:30:00+00:00
9989,1255,63,5,2025-03-21T07:30:00+00:00
9989,1255,27,19,2025-03-21T07:30:00+00:00
9989,1255,23,9,2025-03-21T07:30:00+00:00
9989,1255,14,11,2025-03-21T07:30:00+00:00
9989,1255,12,7,2025-03-21T07:30:00+00:00
9989,1255,22,8,2025-03-21T07:30:00+00:00
9989,1255,87,12,2025-03-21T07:30:00+00:00
9989,1255,18,10,2025-03-21T07:30:00+00:00
9989,1255,31,18,2025-03-21T07:30:00+00:00
9989,1255,10,17,2025-03-21T07:30:00+00:00
9989,1255,55,13,2025-03-21T07:30:00+00:00
9989,1255,1,2,2025-03-21T07:30:00+00:00
9989,1255,6,15,2025-03-21T07:30:00+00:00
9989,1255,30,20,2025-03-21T07:30:00+00:00
9989,1255,5,14,2025-03-21T07:30:00+00:00
9989,1255,7,16,2025-03-21T07:30:00+00:00
9994,1255,4,3,2025-03-22T07:00:00+00:00
9994,1255,16,6,2025-03-22T07:00:00+00:00
9994,1255,81,1,2025-03-22T07:00:00+00:00
9994,1255,44,5,2025-03-22T07:00:00+00:00
9994,1255,63,2,2025-03-22T07:00:00+00:00
9994,1255,27,12,2025-03-22T07:00:00+00:00
9994,1255,23,10,2025-03-22T07:00:00+00:00
9994,1255,14,13,2025-03-22T07:00:00+00:00
9994,1255,12,8,2025-03-22T07:00:00+00:00
9994,1255,22,9,2025-03-22T07:00:00+00:00
9994,1255,87,17,2025-03-22T07:00:00+00:00
9994,1255,18,14,2025-03-22T07:00:00+00:00
9994,1255,31,11,2025-03-22T07:00:00+00:00
9994,1255,10,16,2025-03-22T07:00:00+00:00
9994,1255,55,15,2025-03-22T07:00:00+00:00
9994,1255,1,4,2025-03-22T07:00:00+00:00
9994,1255,6,7,2025-03-22T07:00:00+00:00
9994,1255,30,20,2025-03-22T07:00:00+00:00
9994,1255,5,19,2025-03-22T07:00:00+00:00
9994,1255,7,18,2025-03-22T07:00:00+00:00
10002,1256,4,2,2025-04-05T06:00:00+00:00
10002,1256,81,3,2025-04-05T06:00:00+00:00
10002,1256,63,5,2025-04-05T06:00:00+00:00
10002,1256,16,4,2025-04-05T06:00:00+00:00
10002,1256,1,1,2025-04-05T06:00:00+00:00
10002,1256,44,8,2025-04-05T06:00:00+00:00
10002,1256,23,9,2025-04-05T06:00:00+00:00
10002,1256,10,11,2025-04-05T06:00:00+00:00
10002,1256,22,15,2025-04-05T06:00:00+00:00
10002,1256,6,7,2025-04-05T06:00:00+00:00
10002,1256,55,12,2025-04-05T06:00:00+00:00
10002,1256,30,14,2025-04-05T06:00:00+00:00
10002,1256,12,6,2025-04-05T06:00:00+00:00
10002,1256,7,19,2025-04-05T06:00:00+00:00
10002,1256,14,13,2025-04-05T06:00:00+00:00
10002,1256,87,10,2025-04-05T06:00:00+00:00
10002,1256,5,17,2025-04-05T06:00:00+00:00
10002,1256,31,18,2025-04-05T06:00:00+00:00
10002,1256,18,20,2025-04-05T06:00:00+00:00
10002,1256,27,16,2025-04-05T06:00:00+00:00
10010,1257,81,1,2025-04-12T16:00:00+00:00
10010,1257,4,6,2025-04-12T16:00:00+00:00
10010,1257,16,3,2025-04-12T16:00:00+00:00
10010,1257,63,2,2025-04-12T16:00:00+00:00
10010,1257,12,4,2025-04-12T16:00:00+00:00
10010,1257,10,5,2025-04-12T16:00:00+00:00
10010,1257,6,12,2025-04-12T16:00:00+00:00
10010,1257,1,7,2025-04-12T16:00:00+00:00
10010,1257,55,8,2025-04-12T16:00:00+00:00
10010,1257,44,9,2025-04-12T16:00:00+00:00
10010,1257,31,14,2025-04-12T16:00:00+00:00
10010,1257,7,11,2025-04-12T16:00:00+00:00
10010,1257,30,17,2025-04-12T16:00:00+00:00
10010,1257,14,13,2025-04-12T16:00:00+00:00
10010,1257,23,15,2025-04-12T16:00:00+00:00
10010,1257,87,20,2025-04-12T16:00:00+00:00
10010,1257,18,19,2025-04-12T16:00:00+00:00
10010,1257,5,18,2025-04-12T16:00:00+00:00
10010,1257,27,16,2025-04-12T16:00:00+00:00
10010,1257,22,10,2025-04-12T16:00:00+00:00
10018,1258,4,10,2025-04-19T17:00:00+00:00
10018,1258,81,2,2025-04-19T17:00:00+00:00
10018,1258,63,3,2025-04-19T17:00:00+00:00
10018,1258,1,1,2025-04-19T17:00:00+00:00
10018,1258,16,4,2025-04-19T17:00:00+00:00
10018,1258,23,11,2025-04-19T17:00:00+00:00
10018,1258,55,6,2025-04-19T17:00:00+00:00
10018,1258,10,9,2025-04-19T17:00:00+00:00
10018,1258,22,8,2025-04-19T17:00:00+00:00
10018,1258,12,5,2025-04-19T17:00:00+00:00
10018,1258,6,14,2025-04-19T17:00:00+00:00
10018,1258,44,7,2025-04-19T17:00:00+00:00
10018,1258,30,12,2025-04-19T17:00:00+00:00
10018,1258,14,13,2025-04-19T17:00:00+00:00
10018,1258,7,17,2025-04-19T17:00:00+00:00
10018,1258,87,15,2025-04-19T17:00:00+00:00
10018,1258,27,18,2025-04-19T17:00:00+00:00
10018,1258,31,19,2025-04-19T17:00:00+00:00
10018,1258,5,20,2025-04-19T17:00:00+00:00
10018,1258,18,16,2025-04-19T17:00:00+00:00
10024,1259,81,2,2025-05-02T20:30:00+00:00
10024,1259,16,6,2025-05-02T20:30:00+00:00
10024,1259,1,4,2025-05-02T20:30:00+00:00
10024,1259,55,15,2025-05-02T20:30:00+00:00
10024,1259,23,8,2025-05-02T20:30:00+00:00
10024,1259,6,9,2025-05-02T20:30:00+00:00
10024,1259,63,5,2025-05-02T20:30:00+00:00
10024,1259,22,18,2025-05-02T20:30:00+00:00
10024,1259,12,1,2025-05-02T20:30:00+00:00
10024,1259,14,10,2025-05-02T20:30:00+00:00
10024,1259,30,14,2025-05-02T20:30:00+00:00
10024,1259,4,3,2025-05-02T20:30:00+00:00
10024,1259,44,7,2025-05-02T20:30:00+00:00
10024,1259,27,11,2025-05-02T20:30:00+00:00
10024,1259,5,19,2025-05-02T20:30:00+00:00
10024,1259,87,20,2025-05-02T20:30:00+00:00
10024,1259,10,13,2025-05-02T20:30:00+00:00
10024,1259,31,12,2025-05-02T20:30:00+00:00
10024,1259,7,17,2025-05-02T20:30:00+00:00
10024,1259,18,16,2025-05-02T20:30:00+00:00
10029,1259,81,4,2025-05-03T20:00:00+00:00
10029,1259,16,8,2025-05-03T20:00:00+00:00
10029,1259,1,1,2025-05-03T20:00:00+00:00
10029,1259,55,6,2025-05-03T20:00:00+00:00
10029,1259,23,7,2025-05-03T20:00:00+00:00
10029,1259,6,11,2025-05-03T20:00:00+00:00
10029,1259,63,5,2025-05-03T20:00:00+00:00
10029,1259,22,10,2025-05-03T20:00:00+00:00
10029,1259,12,3,2025-05-03T20:00:00+00:00
10029,1259,14,17,2025-05-03T20:00:00+00:00
10029,1259,30,15,2025-05-03T20:00:00+00:00
10029,1259,4,2,2025-05-03T20:00:00+00:00
10029,1259,44,12,2025-05-03T20:00:00+00:00
10029,1259,27,16,2025-05-03T20:00:00+00:00
10029,1259,5,13,2025-05-03T20:00:00+00:00
10029,1259,87,20,2025-05-03T20:00:00+00:00
10029,1259,10,18,2025-05-03T20:00:00+00:00
10029,1259,31,9,2025-05-03T20:00:00+00:00
10029,1259,7,14,2025-05-03T20:00:00+00:00
10029,1259,18,19,2025-05-03T20:00:00+00:00
9983,1260,4,4,2025-05-17T14:00:00+00:00
9983,1260,81,1,2025-05-17T14:00:00+00:00
9983,1260,1,2,2025-05-17T14:00:00+00:00
9983,1260,12,13,2025-05-17T14:00:00+00:00
9983,1260,16,11,2025-05-17T14:00:00+00:00
9983,1260,55,6,2025-05-17T14:00:00+00:00
9983,1260,6,9,2025-05-17T14:00:00+00:00
9983,1260,63,3,2025-05-17T14:00:00+00:00
9983,1260,23,7,2025-05-17T14:00:00+00:00
9983,1260,44,12,2025-05-17T14:00:00+00:00
9983,1260,14,5,2025-05-17T14:00:00+00:00
9983,1260,87,19,2025-05-17T14:00:00+00:00
9983,1260,18,8,2025-05-17T14:00:00+00:00
9983,1260,30,16,2025-05-17T14:00:00+00:00
9983,1260,10,10,2025-05-17T14:00:00+00:00
9983,1260,5,14,2025-05-17T14:00:00+00:00
9983,1260,22,20,2025-05-17T14:00:00+00:00
9983,1260,43,15,2025-05-17T14:00:00+00:00
9983,1260,27,17,2025-05-17T14:00:00+00:00
9983,1260,31,18,2025-05-17T14:00:00+00:00
9975,1261,16,2,2025-05-24T14:00:00+00:00
9975,1261,1,5,2025-05-24T14:00:00+00:00
9975,1261,4,1,2025-05-24T14:00:00+00:00
9975,1261,81,3,2025-05-24T14:00:00+00:00
9975,1261,44,4,2025-05-24T14:00:00+00:00
9975,1261,23,10,2025-05-24T14:00:00+00:00
9975,1261,30,9,2025-05-24T14:00:00+00:00
9975,1261,55,11,2025-05-24T14:00:00+00:00
9975,1261,22,12,2025-05-24T14:00:00+00:00
9975,1261,12,15,2025-05-24T14:00:00+00:00
9975,1261,63,14,2025-05-24T14:00:00+00:00
9975,1261,14,7,2025-05-24T14:00:00+00:00
9975,1261,27,13,2025-05-24T14:00:00+00:00
9975,1261,10,18,2025-05-24T14:00:00+00:00
9975,1261,18,19,2025-05-24T14:00:00+00:00
9975,1261,87,17,2025-05-24T14:00:00+00:00
9975,1261,6,6,2025-05-24T14:00:00+00:00
9975,1261,31,8,2025-05-24T14:00:00+00:00
9975,1261,5,16,2025-05-24T14:00:00+00:00
9975,1261,43,20,2025-05-24T14:00:00+00:00
9967,1262,81,1,2025-05-31T14:00:00+00:00
9967,1262,4,2,2025-05-31T14:00:00+00:00
9967,1262,16,7,2025-05-31T14:00:00+00:00
9967,1262,63,4,2025-05-31T14:00:00+00:00
9967,1262,1,3,2025-05-31T14:00:00+00:00
9967,1262,6,9,2025-05-31T14:00:00+00:00
9967,1262,12,6,2025-05-31T14:00:00+00:00
9967,1262,14,10,2025-05-31T14:00:00+00:00
9967,1262,44,5,2025-05-31T14:00:00+00:00
9967,1262,30,13,2025-05-31T14:00:00+00:00
9967,1262,5,12,2025-05-31T14:00:00+00:00
9967,1262,27,16,2025-05-31T14:00:00+00:00
9967,1262,55,18,2025-05-31T14:00:00+00:00
9967,1262,22,20,2025-05-31T14:00:00+00:00
9967,1262,18,14,2025-05-31T14:00:00+00:00
9967,1262,10,8,2025-05-31T14:00:00+00:00
9967,1262,43,19,2025-05-31T14:00:00+00:00
9967,1262,31,17,2025-05-31T14:00:00+00:00
9967,1262,23,11,2025-05-31T14:00:00+00:00
9967,1262,87,15,2025-05-31T14:00:00+00:00
9959,1263,4,7,2025-06-14T20:00:00+00:00
9959,1263,16,8,2025-06-14T20:00:00+00:00
9959,1263,63,1,2025-06-14T20:00:00+00:00
9959,1263,44,5,2025-06-14T20:00:00+00:00
9959,1263,1,2,2025-06-14T20:00:00+00:00
9959,1263,14,6,2025-06-14T20:00:00+00:00
9959,1263,12,4,2025-06-14T20:00:00+00:00
9959,1263,81,3,2025-06-14T20:00:00+00:00
9959,1263,55,17,2025-06-14T20:00:00+00:00
9959,1263,23,10,2025-06-14T20:00:00+00:00
9959,1263,6,9,2025-06-14T20:00:00+00:00
9959,1263,10,20,2025-06-14T20:00:00+00:00
9959,1263,30,19,2025-06-14T20:00:00+00:00
9959,1263,18,18,2025-06-14T20:00:00+00:00
9959,1263,87,14,2025-06-14T20:00:00+00:00
9959,1263,31,15,2025-06-14T20:00:00+00:00
9959,1263,43,12,2025-06-14T20:00:00+00:00
9959,1263,27,13,2025-06-14T20:00:00+00:00
9959,1263,5,16,2025-06-14T20:00:00+00:00
9959,1263,22,11,2025-06-14T20:00:00+00:00
9951,1264,4,1,2025-06-28T14:00:00+00:00
9951,1264,81,3,2025-06-28T14:00:00+00:00
9951,1264,1,7,2025-06-28T14:00:00+00:00
9951,1264,16,2,2025-06-28T14:00:00+00:00
9951,1264,44,4,2025-06-28T14:00:00+00:00
9951,1264,63,5,2025-06-28T14:00:00+00:00
9951,1264,12,9,2025-06-28T14:00:00+00:00
9951,1264,18,16,2025-06-28T14:00:00+00:00
9951,1264,22,18,2025-06-28T14:00:00+00:00
9951,1264,5,8,2025-06-28T14:00:00+00:00
9951,1264,30,6,2025-06-28T14:00:00+00:00
9951,1264,14,11,2025-06-28T14:00:00+00:00
9951,1264,27,20,2025-06-28T14:00:00+00:00
9951,1264,23,12,2025-06-28T14:00:00+00:00
9951,1264,55,19,2025-06-28T14:00:00+00:00
9951,1264,87,15,2025-06-28T14:00:00+00:00
9951,1264,10,10,2025-06-28T14:00:00+00:00
9951,1264,31,17,2025-06-28T14:00:00+00:00
9951,1264,43,14,2025-06-28T14:00:00+00:00
9951,1264,6,13,2025-06-28T14:00:00+00:00
9943,1277,16,6,2025-07-05T14:00:00+00:00
9943,1277,81,2,2025-07-05T14:00:00+00:00
9943,1277,1,1,2025-07-05T14:00:00+00:00
9943,1277,4,3,2025-07-05T14:00:00+00:00
9943,1277,22,12,2025-07-05T14:00:00+00:00
9943,1277,87,8,2025-07-05T14:00:00+00:00
9943,1277,23,14,2025-07-05T14:00:00+00:00
9943,1277,63,4,2025-07-05T14:00:00+00:00
9943,1277,6,13,2025-07-05T14:00:00+00:00
9943,1277,30,16,2025-07-05T14:00:00+00:00
9943,1277,44,5,2025-07-05T14:00:00+00:00
9943,1277,55,11,2025-07-05T14:00:00+00:00
9943,1277,31,15,2025-07-05T14:00:00+00:00
9943,1277,12,7,2025-07-05T14:00:00+00:00
9943,1277,27,19,2025-07-05T14:00:00+00:00
9943,1277,5,17,2025-07-05T14:00:00+00:00
9943,1277,14,9,2025-07-05T14:00:00+00:00
9943,1277,43,20,2025-07-05T14:00:00+00:00
9943,1277,18,18,2025-07-05T14:00:00+00:00
9943,1277,10,10,2025-07-05T14:00:00+00:00
9930,1265,81,1,2025-07-25T14:30:00+00:00
9930,1265,1,2,2025-07-25T14:30:00+00:00
9930,1265,4,3,2025-07-25T14:30:00+00:00
9930,1265,63,13,2025-07-25T14:30:00+00:00
9930,1265,16,4,2025-07-25T14:30:00+00:00
9930,1265,12,20,2025-07-25T14:30:00+00:00
9930,1265,44,18,2025-07-25T14:30:00+00:00
9930,1265,18,15,2025-07-25T14:30:00+00:00
9930,1265,14,14,2025-07-25T14:30:00+00:00
9930,1265,6,9,2025-07-25T14:30:00+00:00
9930,1265,55,6,2025-07-25T14:30:00+00:00
9930,1265,23,16,2025-07-25T14:30:00+00:00
9930,1265,5,10,2025-07-25T14:30:00+00:00
9930,1265,27,17,2025-07-25T14:30:00+00:00
9930,1265,30,11,2025-07-25T14:30:00+00:00
9930,1265,31,5,2025-07-25T14:30:00+00:00
9930,1265,10,8,2025-07-25T14:30:00+00:00
9930,1265,22,12,2025-07-25T14:30:00+00:00
9930,1265,43,19,2025-07-25T14:30:00+00:00
9930,1265,87,7,2025-07-25T14:30:00+00:00
9935,1265,81,2,2025-07-26T14:00:00+00:00
9935,1265,1,4,2025-07-26T14:00:00+00:00
9935,1265,4,1,2025-07-26T14:00:00+00:00
9935,1265,63,6,2025-07-26T14:00:00+00:00
9935,1265,16,3,2025-07-26T14:00:00+00:00
9935,1265,12,18,2025-07-26T14:00:00+00:00
9935,1265,44,16,2025-07-26T14:00:00+00:00
9935,1265,18,20,2025-07-26T14:00:00+00:00
9935,1265,14,19,2025-07-26T14:00:00+00:00
9935,1265,6,8,2025-07-26T14:00:00+00:00
9935,1265,55,15,2025-07-26T14:00:00+00:00
9935,1265,23,5,2025-07-26T14:00:00+00:00
9935,1265,5,10,2025-07-26T14:00:00+00:00
9935,1265,27,14,2025-07-26T14:00:00+00:00
9935,1265,30,9,2025-07-26T14:00:00+00:00
9935,1265,31,11,2025-07-26T14:00:00+00:00
9935,1265,10,13,2025-07-26T14:00:00+00:00
9935,1265,22,7,2025-07-26T14:00:00+00:00
9935,1265,43,17,2025-07-26T14:00:00+00:00
9935,1265,87,12,2025-07-26T14:00:00+00:00
9924,1266,81,2,2025-08-02T14:00:00+00:00
9924,1266,4,3,2025-08-02T14:00:00+00:00
9924,1266,16,1,2025-08-02T14:00:00+00:00
9924,1266,44,12,2025-08-02T14:00:00+00:00
9924,1266,12,15,2025-08-02T14:00:00+00:00
9924,1266,14,5,2025-08-02T14:00:00+00:00
9924,1266,18,6,2025-08-02T14:00:00+00:00
9924,1266,63,4,2025-08-02T14:00:00+00:00
9924,1266,5,7,2025-08-02T14:00:00+00:00
9924,1266,27,19,2025-08-02T14:00:00+00:00
9924,1266,87,11,2025-08-02T14:00:00+00:00
9924,1266,1,8,2025-08-02T14:00:00+00:00
9924,1266,43,14,2025-08-02T14:00:00+00:00
9924,1266,30,9,2025-08-02T14:00:00+00:00
9924,1266,55,13,2025-08-02T14:00:00+00:00
9924,1266,23,20,2025-08-02T14:00:00+00:00
9924,1266,31,18,2025-08-02T14:00:00+00:00
9924,1266,10,17,2025-08-02T14:00:00+00:00
9924,1266,22,16,2025-08-02T14:00:00+00:00
9924,1266,6,10,2025-08-02T14:00:00+00:00
9916,1267,4,2,2025-08-30T13:00:00+00:00
9916,1267,81,1,2025-08-30T13:00:00+00:00
9916,1267,63,5,2025-08-30T13:00:00+00:00
9916,1267,55,9,2025-08-30T13:00:00+00:00
9916,1267,1,3,2025-08-30T13:00:00+00:00
9916,1267,16,6,2025-08-30T13:00:00+00:00
9916,1267,23,15,2025-08-30T13:00:00+00:00
9916,1267,18,20,2025-08-30T13:00:00+00:00
9916,1267,6,4,2025-08-30T13:00:00+00:00
9916,1267,14,10,2025-08-30T13:00:00+00:00
9916,1267,30,8,2025-08-30T13:00:00+00:00
9916,1267,22,12,2025-08-30T13:00:00+00:00
9916,1267,5,13,2025-08-30T13:00:00+00:00
9916,1267,44,7,2025-08-30T13:00:00+00:00
9916,1267,87,19,2025-08-30T13:00:00+00:00
9916,1267,27,17,2025-08-30T13:00:00+00:00
9916,1267,12,11,2025-08-30T13:00:00+00:00
9916,1267,31,18,2025-08-30T13:00:00+00:00
9916,1267,10,14,2025-08-30T13:00:00+00:00
9916,1267,43,16,2025-08-30T13:00:00+00:00
9908,1268,4,2,2025-09-06T14:00:00+00:00
9908,1268,16,4,2025-09-06T14:00:00+00:00
9908,1268,81,3,2025-09-06T14:00:00+00:00
9908,1268,1,1,2025-09-06T14:00:00+00:00
9908,1268,63,6,2025-09-06T14:00:00+00:00
9908,1268,5,8,2025-09-06T14:00:00+00:00
9908,1268,44,5,2025-09-06T14:00:00+00:00
9908,1268,6,16,2025-09-06T14:00:00+00:00
9908,1268,12,7,2025-09-06T14:00:00+00:00
9908,1268,23,14,2025-09-06T14:00:00+00:00
9908,1268,27,12,2025-09-06T14:00:00+00:00
9908,1268,14,9,2025-09-06T14:00:00+00:00
9908,1268,55,13,2025-09-06T14:00:00+00:00
9908,1268,43,18,2025-09-06T14:00:00+00:00
9908,1268,22,10,2025-09-06T14:00:00+00:00
9908,1268,30,20,2025-09-06T14:00:00+00:00
9908,1268,87,11,2025-09-06T14:00:00+00:00
9908,1268,10,19,2025-09-06T14:00:00+00:00
9908,1268,18,17,2025-09-06T14:00:00+00:00
9908,1268,31,15,2025-09-06T14:00:00+00:00
9900,1269,4,7,2025-09-20T12:00:00+00:00
9900,1269,1,1,2025-09-20T12:00:00+00:00
9900,1269,81,9,2025-09-20T12:00:00+00:00
9900,1269,44,12,2025-09-20T12:00:00+00:00
9900,1269,12,4,2025-09-20T12:00:00+00:00
9900,1269,63,5,2025-09-20T12:00:00+00:00
9900,1269,23,20,2025-09-20T12:00:00+00:00
9900,1269,87,15,2025-09-20T12:00:00+00:00
9900,1269,30,3,2025-09-20T12:00:00+00:00
9900,1269,16,10,2025-09-20T12:00:00+00:00
9900,1269,6,8,2025-09-20T12:00:00+00:00
9900,1269,27,17,2025-09-20T12:00:00+00:00
9900,1269,55,2,2025-09-20T12:00:00+00:00
9900,1269,14,11,2025-09-20T12:00:00+00:00
9900,1269,43,16,2025-09-20T12:00:00+00:00
9900,1269,22,6,2025-09-20T12:00:00+00:00
9900,1269,31,18,2025-09-20T12:00:00+00:00
9900,1269,5,13,2025-09-20T12:00:00+00:00
9900,1269,10,19,2025-09-20T12:00:00+00:00
9900,1269,18,14,2025-09-20T12:00:00+00:00
9892,1270,1,2,2025-10-04T13:00:00+00:00
9892,1270,81,3,2025-10-04T13:00:00+00:00
9892,1270,63,1,2025-10-04T13:00:00+00:00
9892,1270,12,4,2025-10-04T13:00:00+00:00
9892,1270,4,5,2025-10-04T13:00:00+00:00
9892,1270,55,13,2025-10-04T13:00:00+00:00
9892,1270,6,8,2025-10-04T13:00:00+00:00
9892,1270,44,6,2025-10-04T13:00:00+00:00
9892,1270,27,11,2025-10-04T13:00:00+00:00
9892,1270,16,7,2025-10-04T13:00:00+00:00
9892,1270,23,12,2025-10-04T13:00:00+00:00
9892,1270,5,16,2025-10-04T13:00:00+00:00
9892,1270,31,19,2025-10-04T13:00:00+00:00
9892,1270,87,9,2025-10-04T13:00:00+00:00
9892,1270,14,10,2025-10-04T13:00:00+00:00
9892,1270,43,18,2025-10-04T13:00:00+00:00
9892,1270,18,17,2025-10-04T13:00:00+00:00
9892,1270,22,15,2025-10-04T13:00:00+00:00
9892,1270,10,20,2025-10-04T13:00:00+00:00
9892,1270,30,14,2025-10-04T13:00:00+00:00
9879,1271,4,2,2025-10-17T21:30:00+00:00
9879,1271,27,4,2025-10-17T21:30:00+00:00
9879,1271,81,3,2025-10-17T21:30:00+00:00
9879,1271,14,6,2025-10-17T21:30:00+00:00
9879,1271,1,1,2025-10-17T21:30:00+00:00
9879,1271,23,9,2025-10-17T21:30:00+00:00
9879,1271,63,5,2025-10-17T21:30:00+00:00
9879,1271,44,8,2025-10-17T21:30:00+00:00
9879,1271,6,12,2025-10-17T21:30:00+00:00
9879,1271,87,16,2025-10-17T21:30:00+00:00
9879,1271,31,19,2025-10-17T21:30:00+00:00
9879,1271,5,20,2025-10-17T21:30:00+00:00
9879,1271,22,18,2025-10-17T21:30:00+00:00
9879,1271,18,14,2025-10-17T21:30:00+00:00
9879,1271,30,15,2025-10-17T21:30:00+00:00
9879,1271,43,17,2025-10-17T21:30:00+00:00
9879,1271,10,13,2025-10-17T21:30:00+00:00
9879,1271,12,11,2025-10-17T21:30:00+00:00
9879,1271,55,7,2025-10-17T21:30:00+00:00
9879,1271,16,10,2025-10-17T21:30:00+00:00
9884,1271,4,2,2025-10-18T21:00:00+00:00
9884,1271,27,11,2025-10-18T21:00:00+00:00
9884,1271,81,6,2025-10-18T21:00:00+00:00
9884,1271,14,10,2025-10-18T21:00:00+00:00
9884,1271,1,1,2025-10-18T21:00:00+00:00
9884,1271,23,19,2025-10-18T21:00:00+00:00
9884,1271,63,4,2025-10-18T21:00:00+00:00
9884,1271,44,5,2025-10-18T21:00:00+00:00
9884,1271,6,20,2025-10-18T21:00:00+00:00
9884,1271,87,8,2025-10-18T21:00:00+00:00
9884,1271,31,17,2025-10-18T21:00:00+00:00
9884,1271,5,16,2025-10-18T21:00:00+00:00
9884,1271,22,13,2025-10-18T21:00:00+00:00
9884,1271,18,18,2025-10-18T21:00:00+00:00
9884,1271,30,12,2025-10-18T21:00:00+00:00
9884,1271,43,15,2025-10-18T21:00:00+00:00
9884,1271,10,14,2025-10-18T21:00:00+00:00
9884,1271,12,7,2025-10-18T21:00:00+00:00
9884,1271,55,9,2025-10-18T21:00:00+00:00
9884,1271,16,3,2025-10-18T21:00:00+00:00
9873,1272,4,1,2025-10-25T21:00:00+00:00
9873,1272,44,3,2025-10-25T21:00:00+00:00
9873,1272,63,4,2025-10-25T21:00:00+00:00
9873,1272,16,2,2025-10-25T21:00:00+00:00
9873,1272,81,8,2025-10-25T21:00:00+00:00
9873,1272,1,5,2025-10-25T21:00:00+00:00
9873,1272,12,6,2025-10-25T21:00:00+00:00
9873,1272,6,9,2025-10-25T21:00:00+00:00
9873,1272,22,11,2025-10-25T21:00:00+00:00
9873,1272,5,16,2025-10-25T21:00:00+00:00
9873,1272,30,15,2025-10-25T21:00:00+00:00
9873,1272,31,12,2025-10-25T21:00:00+00:00
9873,1272,18,19,2025-10-25T21:00:00+00:00
9873,1272,27,13,2025-10-25T21:00:00+00:00
9873,1272,55,7,2025-10-25T21:00:00+00:00
9873,1272,23,17,2025-10-25T21:00:00+00:00
9873,1272,87,10,2025-10-25T21:00:00+00:00
9873,1272,10,18,2025-10-25T21:00:00+00:00
9873,1272,43,20,2025-10-25T21:00:00+00:00
9873,1272,14,14,2025-10-25T21:00:00+00:00
